Master Record Number,Date,Weekend?,Hour,Collision Type,Injury Type,Primary Factor,Reported_Location,Latitude,Longitude,Location,Number of Bars
902363382,2015-01-05,Weekday,0,2-Car,No injury/unknown,OTHER (DRIVER) - EXPLAIN IN NARRATIVE,1ST & FESS,39.15920668,-86.52587356,"39.15920668,-86.52587356",41
902364268,2015-01-06,Weekday,1500,2-Car,No injury/unknown,FOLLOWING TOO CLOSELY,2ND & COLLEGE,39.16144,-86.534848,"39.16144,-86.534848",42
902364412,2015-01-06,Weekend,2300,2-Car,Non-incapacitating,DISREGARD SIGNAL/REG SIGN,BASSWOOD & BLOOMFIELD,39.14978027,-86.56889006,"39.14978027,-86.56889006",2
902364551,2015-01-07,Weekend,900,2-Car,Non-incapacitating,FAILURE TO YIELD RIGHT OF WAY,GATES & JACOBS,39.165655,-86.57595635,"39.165655,-86.57595635",5
902364615,2015-01-07,Weekend,1100,2-Car,No injury/unknown,FAILURE TO YIELD RIGHT OF WAY,W 3RD,39.164848,-86.57962482,"39.164848,-86.57962482",5
902364664,2015-01-06,Weekday,1800,2-Car,No injury/unknown,FAILURE TO YIELD RIGHT OF WAY,BURKS & WALNUT,39.12666969,-86.53136998,"39.12666969,-86.53136998",1
902364682,2015-01-06,Weekday,1200,2-Car,No injury/unknown,DRIVER DISTRACTED - EXPLAIN IN NARRATIVE,SOUTH CURRY PIKE LOT 71,39.150825,-86.584899,"39.150825,-86.584899",1
902364683,2015-01-06,Weekday,1400,1-Car,Incapacitating,ENGINE FAILURE OR DEFECTIVE,NORTH LOUDEN RD,39.19927216,-86.63702393,"39.19927216,-86.63702393",0
902364714,2015-01-07,Weekend,1400,2-Car,No injury/unknown,FOLLOWING TOO CLOSELY,LIBERTY & W 3RD,39.16461021,-86.57913007,"39.16461021,-86.57913007",5
902364756,2015-01-07,Weekend,1600,1-Car,No injury/unknown,RAN OFF ROAD RIGHT,PATTERSON & W 3RD,39.16344009,-86.55128002,"39.16344009,-86.55128002",24
902364761,2015-01-07,Weekend,1500,2-Car,No injury/unknown,UNSAFE BACKING,S LIBERTY,39.145264,-86.577616,"39.145264,-86.577616",1
902364764,2015-01-07,Weekend,1600,2-Car,No injury/unknown,FAILURE TO YIELD RIGHT OF WAY,E WINSLOW & S HIGHLAND,39.136048,-86.518496,"39.136048,-86.518496",1
902364822,2015-01-07,Weekend,1700,1-Car,No injury/unknown,UNSAFE BACKING,E KIRKWOOD,39.16664,-86.53070106,"39.16664,-86.53070106",43
902365038,2015-01-07,Weekend,1800,1-Car,No injury/unknown,RAN OFF ROAD RIGHT,HEATHERWOOD & LEONARD SPRINGS,39.12678972,-86.58258006,"39.12678972,-86.58258006",0
902365063,2015-01-01,Weekend,1300,3+ Cars,Incapacitating,DISREGARD SIGNAL/REG SIGN,ROGERS & W PATTERSON,39.15379018,-86.53875008,"39.15379018,-86.53875008",29
902365100,2015-01-01,Weekend,1500,2-Car,No injury/unknown,FOLLOWING TOO CLOSELY,SOUTH WALNUT & SOUTH WALNUT STREET,39.107344,-86.5264,"39.107344,-86.5264",0
902365193,2015-01-01,Weekend,1800,1-Car,No injury/unknown,ROADWAY SURFACE CONDITION,17TH & MONROE,39.179248,-86.547104,"39.179248,-86.547104",26
902365241,2015-01-01,Weekend,1800,2-Car,No injury/unknown,FOLLOWING TOO CLOSELY,ARLINGTON & MONROE,39.179248,-86.547104,"39.179248,-86.547104",26
902365255,2015-01-01,Weekend,1600,2-Car,No injury/unknown,,NORTH GRANT,39.17830276,-86.52934265,"39.17830276,-86.52934265",39
902365284,2015-01-01,Weekend,1600,1-Car,No injury/unknown,RAN OFF ROAD RIGHT,SOUTH LIBERTY,39.145264,-86.577616,"39.145264,-86.577616",1
902365371,2015-01-01,Weekend,1800,1-Car,No injury/unknown,RAN OFF ROAD RIGHT,DILLMAN & SR37S,39.09571236,-86.54595204,"39.09571236,-86.54595204",0
902365494,2015-01-01,Weekend,1200,2-Car,No injury/unknown,FOLLOWING TOO CLOSELY,RHORER & S WALNUT,39.12144,-86.526496,"39.12144,-86.526496",0
902365759,2015-01-02,Weekday,700,2-Car,No injury/unknown,FAILURE TO YIELD RIGHT OF WAY,446 & SR46E,39.16692661,-86.4572165,"39.16692661,-86.4572165",0
902365763,2015-01-01,Weekend,700,1-Car,No injury/unknown,SPEED TOO FAST FOR WEATHER CONDITIONS,CHAPEL HILL & SR446S,39.02843027,-86.40780689,"39.02843027,-86.40780689",0
902365865,2015-01-02,Weekday,700,1-Car,No injury/unknown,ANIMAL/OBJECT IN ROADWAY,3320 E RHORER & SNODDY,39.121584,-86.489744,"39.121584,-86.489744",0
902366338,2015-01-02,Weekday,1300,2-Car,No injury/unknown,FAILURE TO YIELD RIGHT OF WAY,3RD & KINGSTON,39.16424,-86.49312041,"39.16424,-86.49312041",6
902366648,2015-01-02,Weekday,1700,2-Car,No injury/unknown,FAILURE TO YIELD RIGHT OF WAY,EAST 10TH & NORTH UNION,39.17093258,-86.509391,"39.17093258,-86.509391",5
902366662,2015-01-01,Weekday,2100,2-Car,No injury/unknown,SPEED TOO FAST FOR WEATHER CONDITIONS,SOUTH CLARIZZ,39.15263367,-86.49272919,"39.15263367,-86.49272919",6
902366676,2015-01-02,Weekday,1700,2-Car,Non-incapacitating,FOLLOWING TOO CLOSELY,COUNTRY CLUB & ROGERS,39.13608,-86.538096,"39.13608,-86.538096",1
902366706,2015-01-01,Weekday,2000,1-Car,No injury/unknown,OTHER (DRIVER) - EXPLAIN IN NARRATIVE,W SR 45,39.125312,-86.610496,"39.125312,-86.610496",0
902366710,2015-01-02,Weekday,1900,1-Car,No injury/unknown,RAN OFF ROAD RIGHT,E GETTYS CREEK & E KERR CREK,39.17187028,-86.4167107,"39.17187028,-86.4167107",0
902366720,2015-01-02,Weekday,1700,2-Car,No injury/unknown,FOLLOWING TOO CLOSELY,3RD & LIBERTY,39.16461021,-86.57913007,"39.16461021,-86.57913007",5
902366726,2015-01-02,Weekday,2100,1-Car,No injury/unknown,SPEED TOO FAST FOR WEATHER CONDITIONS,SOUTH ROGERS & WEST GORDON PIKE,39.121648,-86.539088,"39.121648,-86.539088",0
902366785,2015-01-07,Weekend,2000,1-Car,No injury/unknown,RAN OFF ROAD RIGHT,INGRAM & SR37,38.992016,-86.537248,"38.992016,-86.537248",0
902367011,2015-01-03,Weekday,700,2-Car,No injury/unknown,SPEED TOO FAST FOR WEATHER CONDITIONS,1025 W 7TH & N OAK,39.168656,-86.5468,"39.168656,-86.5468",35
902367259,2015-01-03,Weekday,1200,2-Car,Non-incapacitating,SPEED TOO FAST FOR WEATHER CONDITIONS,DUNN & EAST 17TH,39.17900187,-86.52832631,"39.17900187,-86.52832631",34
902367552,2015-01-03,Weekday,1500,2-Car,No injury/unknown,FOLLOWING TOO CLOSELY,10TH & WOODLAWN,39.171632,-86.523536,"39.171632,-86.523536",40
902367554,2015-01-02,Weekday,2100,1-Car,No injury/unknown,RAN OFF ROAD RIGHT,GARDNER & GARRISON CHAPEL,39.134144,-86.642864,"39.134144,-86.642864",0
902367655,2015-01-07,Weekend,1800,Pedestrian,Incapacitating,PEDESTRIAN ACTION,COOLIDGE & ROCKPORT,39.14192595,-86.54314176,"39.14192595,-86.54314176",2
902367680,2015-01-03,Weekday,1900,1-Car,No injury/unknown,SPEED TOO FAST FOR WEATHER CONDITIONS,HEADLEY & MATLOCK,39.19115236,-86.51175974,"39.19115236,-86.51175974",0
902367699,2015-01-02,Weekday,1500,2-Car,No injury/unknown,UNSAFE BACKING,WEST ROLL,39.14728113,-86.58089831,"39.14728113,-86.58089831",1
902367715,2015-01-02,Weekday,1500,2-Car,No injury/unknown,FAILURE TO YIELD RIGHT OF WAY,SR46 & UNIONVALLEY,39.215152,-86.5928,"39.215152,-86.5928",0
902367716,2015-01-03,Weekday,1900,2-Car,No injury/unknown,IMPROPER TURNING,DEER PARK & SR46W,39.21210074,-86.58736299,"39.21210074,-86.58736299",0
902367789,2015-01-04,Weekday,0,1-Car,No injury/unknown,SPEED TOO FAST FOR WEATHER CONDITIONS,DUNN & OLD STATE RD 37,39.208048,-86.528704,"39.208048,-86.528704",0
902367842,2015-01-04,Weekday,400,1-Car,Incapacitating,RAN OFF ROAD RIGHT,BREEDEN & SR45W,39.0881573,-86.66901213,"39.0881573,-86.66901213",0
902367995,2015-01-03,Weekday,1000,2-Car,No injury/unknown,UNSAFE BACKING,RAPPEL,39.18768311,-86.54618835,"39.18768311,-86.54618835",1
902368658,2015-01-04,Weekday,1700,2-Car,No injury/unknown,UNSAFE LANE MOVEMENT,FESS & THIRD,39.16427777,-86.52588752,"39.16427777,-86.52588752",43
902368672,2015-01-04,Weekday,1800,2-Car,No injury/unknown,UNSAFE BACKING,S COLLEGE MALL,39.15412578,-86.49786768,"39.15412578,-86.49786768",5
902368697,2015-01-03,Weekday,1800,2-Car,No injury/unknown,FOLLOWING TOO CLOSELY,SR37S & VICTOR,39.105552,-86.551104,"39.105552,-86.551104",0
902368762,2015-01-04,Weekday,1600,2-Car,No injury/unknown,FOLLOWING TOO CLOSELY,EAST KERR CREEK & SR46E,39.16664,-86.462496,"39.16664,-86.462496",1
902368763,2015-01-04,Weekday,1500,2-Car,No injury/unknown,FOLLOWING TOO CLOSELY,SR37N & WAYPORT,39.263024,-86.52264,"39.263024,-86.52264",0
902368908,2015-01-05,Weekday,700,1-Car,No injury/unknown,IMPROPER TURNING,RHORER & S OLD ST RD 37,39.12141994,-86.53134987,"39.12141994,-86.53134987",0
902368964,2015-01-05,Weekday,600,2-Car,Non-incapacitating,IMPROPER TURNING,S COLLEGE & W 4TH,39.165664,-86.5348,"39.165664,-86.5348",42
902369025,2015-01-05,Weekday,900,2-Car,No injury/unknown,FOLLOWING TOO CLOSELY,E 3RD & SR46E,39.16424,-86.473296,"39.16424,-86.473296",1
902369035,2015-01-05,Weekday,900,2-Car,No injury/unknown,DISREGARD SIGNAL/REG SIGN,E 1ST & S EASTSIDE,39.159248,-86.51256,"39.159248,-86.51256",16
902369036,2015-01-05,Weekday,900,2-Car,No injury/unknown,FAILURE TO YIELD RIGHT OF WAY,E 8TH & N WALNUT,39.169552,-86.533552,"39.169552,-86.533552",41
902369165,2015-01-05,Weekday,800,2-Car,No injury/unknown,FAILURE TO YIELD RIGHT OF WAY,JORDAN & LAW,39.173552,-86.515488,"39.173552,-86.515488",12
902369233,2015-01-07,Weekend,0,2-Car,No injury/unknown,FAILURE TO YIELD RIGHT OF WAY,EAST 3RD & PETE ELLIS,39.16424,-86.495088,"39.16424,-86.495088",6
902369518,2015-01-04,Weekday,2200,1-Car,No injury/unknown,RAN OFF ROAD RIGHT,S ROCKPORT & VICTOR,39.053744,-86.606304,"39.053744,-86.606304",0
902369547,2015-01-05,Weekday,1800,Cyclist,Incapacitating,OTHER (DRIVER) - EXPLAIN IN NARRATIVE,ATWATER & HIGH,39.16311481,-86.50846175,"39.16311481,-86.50846175",7
902369585,2015-01-05,Weekday,2000,2-Car,No injury/unknown,LEFT OF CENTER,CHAFIN CHAPEL & W STATE ROAD 46,39.25962636,-86.65763204,"39.25962636,-86.65763204",0
902369787,2015-01-06,Weekday,700,2-Car,No injury/unknown,OTHER (DRIVER) - EXPLAIN IN NARRATIVE,RHORER & S WALNUT ST,39.12144,-86.526496,"39.12144,-86.526496",0
902369870,2015-01-06,Weekday,800,2-Car,No injury/unknown,FOLLOWING TOO CLOSELY,SO PATTERSON & W 3RD,39.16344009,-86.55127137,"39.16344009,-86.55127137",24
902369933,2015-01-01,Weekend,1300,2-Car,No injury/unknown,IMPROPER LANE USAGE,CURRY & SR46W,39.15835953,-86.58264923,"39.15835953,-86.58264923",4
902370000,2015-01-05,Weekday,1300,2-Car,No injury/unknown,OTHER (DRIVER) - EXPLAIN IN NARRATIVE,2ND & PATTERSON,39.16074984,-86.54850997,"39.16074984,-86.54850997",33
902370079,2015-01-06,Weekday,700,2-Car,No injury/unknown,LEFT OF CENTER,SR48 & STONE CHASE,39.16475122,-86.59523284,"39.16475122,-86.59523284",2
902370118,2015-01-06,Weekday,1200,2-Car,No injury/unknown,FAILURE TO YIELD RIGHT OF WAY,HENDERSON & HILLSIDE,39.15063632,-86.52720688,"39.15063632,-86.52720688",5
902370264,2015-01-06,Weekday,1300,2-Car,Non-incapacitating,FOLLOWING TOO CLOSELY,THIRD,39.164752,-86.573104,"39.164752,-86.573104",5
902370468,2015-01-06,Weekday,1500,2-Car,Non-incapacitating,FOLLOWING TOO CLOSELY,PATTERSON & THIRD,39.16344009,-86.55127137,"39.16344009,-86.55127137",24
902370473,2015-01-06,Weekday,1500,2-Car,No injury/unknown,FAILURE TO YIELD RIGHT OF WAY,E ATWATER & S HIGHLAND,39.16305989,-86.51773028,"39.16305989,-86.51773028",30
902370571,2015-01-06,Weekday,1500,2-Car,No injury/unknown,RAN OFF ROAD RIGHT,MOORES CREEK & SNOODY,39.12134014,-86.48974361,"39.12134014,-86.48974361",0
902370734,2015-01-04,Weekday,0,2-Car,Incapacitating,FAILURE TO YIELD RIGHT OF WAY,ACUFF & SR37N,39.20824,-86.554704,"39.20824,-86.554704",0
902370848,2015-01-07,Weekend,1100,2-Car,No injury/unknown,FOLLOWING TOO CLOSELY,BURKS & WALNUT,39.15836229,-86.53136998,"39.15836229,-86.53136998",41
902370987,2015-01-06,Weekend,2100,1-Car,No injury/unknown,IMPROPER TURNING,MITCHELL & THIRD,39.16427137,-86.51420373,"39.16427137,-86.51420373",13
902371028,2015-01-01,Weekend,1800,2-Car,No injury/unknown,SPEED TOO FAST FOR WEATHER CONDITIONS,BETHEL,39.21258773,-86.46348219,"39.21258773,-86.46348219",0
902371029,2015-01-07,Weekend,1600,2-Car,No injury/unknown,FOLLOWING TOO CLOSELY,CURRY & GIFFORD,39.15648401,-86.58270442,"39.15648401,-86.58270442",4
902371055,2015-01-07,Weekend,1500,2-Car,No injury/unknown,FAILURE TO YIELD RIGHT OF WAY,3RD & GRANT,39.16464,-86.529728,"39.16464,-86.529728",43
902371076,2015-01-06,Weekend,2000,1-Car,No injury/unknown,RAN OFF ROAD RIGHT,RUSSELL & TIMBERCREST,39.193408,-86.48584,"39.193408,-86.48584",0
902371085,2015-01-07,Weekend,1700,2-Car,No injury/unknown,IMPROPER TURNING,S COLLEGE,39.16115717,-86.53485253,"39.16115717,-86.53485253",42
902371197,2015-01-01,Weekend,100,2-Car,No injury/unknown,UNSAFE LANE MOVEMENT,7TH & N ROGERS,39.168704,-86.538576,"39.168704,-86.538576",42
902371285,2015-01-01,Weekend,1000,2-Car,No injury/unknown,IMPROPER LANE USAGE,7TH & WALNUT,39.16864,-86.533568,"39.16864,-86.533568",41
902371535,2015-01-01,Weekday,2000,2-Car,No injury/unknown,UNSAFE LANE MOVEMENT,S LIBERTY & SR45W,39.14547579,-86.57703014,"39.14547579,-86.57703014",1
902371565,2015-01-01,Weekend,1800,2-Car,No injury/unknown,OTHER (DRIVER) - EXPLAIN IN NARRATIVE,S CLARIZZ,39.15263367,-86.49272918,"39.15263367,-86.49272918",6
902371659,2015-01-02,Weekday,200,1-Car,No injury/unknown,RAN OFF ROAD RIGHT,E SAMPLE & N OLD STATE 37,39.25864,-86.5012,"39.25864,-86.5012",0
902371677,2015-01-01,Weekend,1200,1-Car,No injury/unknown,OTHER (DRIVER) - EXPLAIN IN NARRATIVE,WEST 11TH,39.17344,-86.52237094,"39.17344,-86.52237094",39
902371877,2015-01-02,Weekday,600,2-Car,No injury/unknown,DISREGARD SIGNAL/REG SIGN,BLOOMFIELD & SR37,39.148144,-86.572992,"39.148144,-86.572992",1
902371937,2015-01-02,Weekday,600,2-Car,No injury/unknown,ROADWAY SURFACE CONDITION,WEST 2ND,39.16025543,-86.54006195,"39.16025543,-86.54006195",43
902372354,2015-01-02,Weekday,700,1-Car,No injury/unknown,RAN OFF ROAD RIGHT,TYLER LANE,39.1316,-86.576944,"39.1316,-86.576944",0
902372412,2015-01-02,Weekday,1400,3+ Cars,Incapacitating,FOLLOWING TOO CLOSELY,BLOOMFIELD & RANSOM,39.15944,-86.555296,"39.15944,-86.555296",5
902372560,2015-01-02,Weekday,1500,1-Car,No injury/unknown,ANIMAL/OBJECT IN ROADWAY,S WEIMER & W TAPP,39.136512,-86.562016,"39.136512,-86.562016",1
902372716,2015-01-03,Weekday,300,2-Car,No injury/unknown,OTHER (DRIVER) - EXPLAIN IN NARRATIVE,CHANDLER & RENEE,39.23488,-86.616736,"39.23488,-86.616736",1
902372776,2015-01-03,Weekday,700,1-Car,No injury/unknown,RAN OFF ROAD RIGHT,E 10TH & N WASHINGTON,39.171728,-86.5324,"39.171728,-86.5324",40
902372873,2015-01-01,Weekend,1100,1-Car,Non-incapacitating,ANIMAL/OBJECT IN ROADWAY,DELAP,39.250778,-86.615867,"39.250778,-86.615867",0
902372874,2015-01-02,Weekday,800,1-Car,No injury/unknown,OVERCORRECTING/OVERSTEERING,SHUFFLE CREEK & SR45E,39.22993318,-86.4157437,"39.22993318,-86.4157437",0
902372994,2015-01-03,Weekday,900,2-Car,No injury/unknown,DISREGARD SIGNAL/REG SIGN,SR37 & SR45W,39.187344,-86.5552,"39.187344,-86.5552",1
902373153,2015-01-03,Weekday,1100,Pedestrian,Non-incapacitating,PEDESTRIAN ACTION,6TH & INDIANA,39.167744,-86.526928,"39.167744,-86.526928",42
902373279,2015-01-03,Weekday,1300,2-Car,No injury/unknown,FAILURE TO YIELD RIGHT OF WAY,S WALNUT,39.13432546,-86.52733091,"39.13432546,-86.52733091",1
902373402,2015-01-03,Weekday,1700,2-Car,No injury/unknown,FOLLOWING TOO CLOSELY,ROGERS & W 2ND,39.16152,-86.538592,"39.16152,-86.538592",43
902373417,2015-01-03,Weekday,1700,2-Car,No injury/unknown,DISREGARD SIGNAL/REG SIGN,3RD & SR37,39.164752,-86.573104,"39.164752,-86.573104",5
902373450,2015-01-03,Weekday,1800,2-Car,No injury/unknown,FAILURE TO YIELD RIGHT OF WAY,9TH & COLLEGE,39.170544,-86.534768,"39.170544,-86.534768",39
902373562,2015-01-03,Weekday,2300,Pedestrian,Incapacitating,FAILURE TO YIELD RIGHT OF WAY,THIRD & WOODLAWN,39.16426449,-86.5226336,"39.16426449,-86.5226336",42
902373707,2015-01-04,Weekday,800,2-Car,No injury/unknown,LEFT OF CENTER,S CURRY,39.142048,-86.582592,"39.142048,-86.582592",1
902373722,2015-01-03,Weekday,1200,2-Car,No injury/unknown,FAILURE TO YIELD RIGHT OF WAY,S ROGERS & W 4TH,39.165696,-86.538592,"39.165696,-86.538592",43
902373724,2015-01-04,Weekday,900,2-Car,No injury/unknown,FAILURE TO YIELD RIGHT OF WAY,PARK & WILSON,39.151552,-86.523664,"39.151552,-86.523664",5
902373769,2015-01-04,Weekday,1100,2-Car,No injury/unknown,OTHER (DRIVER) - EXPLAIN IN NARRATIVE,COLLEGE & KIRKWOOD,39.16718927,-86.53479128,"39.16718927,-86.53479128",41
902373795,2015-01-04,Weekday,1200,2-Car,Non-incapacitating,OTHER (DRIVER) - EXPLAIN IN NARRATIVE,S HIGHLAND & WINSLOW FARM,39.136048,-86.518496,"39.136048,-86.518496",1
902374157,2015-01-03,Weekday,1800,3+ Cars,No injury/unknown,FOLLOWING TOO CLOSELY,SR37S & VICTOR,39.105552,-86.551104,"39.105552,-86.551104",0
902374167,2015-01-04,Weekday,2000,2-Car,No injury/unknown,FAILURE TO YIELD RIGHT OF WAY,10TH & WOODLAWN,39.17108301,-86.52351178,"39.17108301,-86.52351178",40
902374296,2015-01-05,Weekday,700,2-Car,No injury/unknown,DISREGARD SIGNAL/REG SIGN,3RD & WALNUT,39.16464,-86.5336,"39.16464,-86.5336",42
902374303,2015-01-03,Weekday,1100,1-Car,No injury/unknown,OTHER (DRIVER) - EXPLAIN IN NARRATIVE,3RD,39.16424,-86.48599111,"39.16424,-86.48599111",6
902374407,2015-01-05,Weekday,700,2-Car,No injury/unknown,FAILURE TO YIELD RIGHT OF WAY,S WALNUT,39.142555,-86.531238,"39.142555,-86.531238",2
902374495,2015-01-05,Weekday,1200,2-Car,No injury/unknown,UNSAFE BACKING,3RD & LIBERTY,39.16461021,-86.57913006,"39.16461021,-86.57913006",5
902374528,2015-01-05,Weekday,900,1-Car,No injury/unknown,UNSAFE BACKING,2418 E GOLDIN & E GOLDIN,39.128067,-86.50872634,"39.128067,-86.50872634",0
902374541,2015-01-05,Weekday,0,2-Car,No injury/unknown,UNSAFE BACKING,NORTH FEE,39.17658828,-86.51891313,"39.17658828,-86.51891313",36
902374549,2015-01-05,Weekday,800,1-Car,No injury/unknown,UNSAFE LANE MOVEMENT,FOREST & KIRKWOOD,39.16608943,-86.5196257,"39.16608943,-86.5196257",38
902374663,2015-01-05,Weekday,1500,2-Car,No injury/unknown,FOLLOWING TOO CLOSELY,N WALNUT & SR46E,39.186368,-86.5344,"39.186368,-86.5344",3
902374711,2015-01-05,Weekday,1600,2-Car,No injury/unknown,FOLLOWING TOO CLOSELY,S HARMONY & SR45,39.111024,-86.638304,"39.111024,-86.638304",0
902374770,2015-01-04,Weekday,2200,2-Car,No injury/unknown,IMPROPER TURNING,WEST 2ND,39.16144,-86.52709845,"39.16144,-86.52709845",43
902374772,2015-01-05,Weekday,1400,2-Car,No injury/unknown,FOLLOWING TOO CLOSELY,SOUTHERN & WALNUT,39.14984,-86.533392,"39.14984,-86.533392",4
902375077,2015-01-06,Weekday,1000,2-Car,No injury/unknown,FOLLOWING TOO CLOSELY,SR37N & VERNAL,39.17635934,-86.56266121,"39.17635934,-86.56266121",3
902375104,2015-01-05,Weekday,1100,2-Car,No injury/unknown,UNSAFE BACKING,S FRANKLIN & W 3RD,39.164688,-86.5712,"39.164688,-86.5712",5
902375106,2015-01-05,Weekday,1200,2-Car,No injury/unknown,FOLLOWING TOO CLOSELY,COLLEGE MALL & SR46E,39.16424,-86.4984,"39.16424,-86.4984",6
902375511,2015-01-05,Weekday,1600,2-Car,No injury/unknown,FAILURE TO YIELD RIGHT OF WAY,GRIMES & WASHINGTON,39.15344,-86.5324,"39.15344,-86.5324",25
902375556,2015-01-06,Weekday,1700,2-Car,No injury/unknown,IMPROPER TURNING,17TH & JORDAN,39.178848,-86.511088,"39.178848,-86.511088",4
902375560,2015-01-06,Weekday,1600,2-Car,No injury/unknown,UNSAFE BACKING,LAW,39.17302832,-86.51339918,"39.17302832,-86.51339918",13
902375586,2015-01-06,Weekday,1700,2-Car,No injury/unknown,FOLLOWING TOO CLOSELY,S GATES & WEST 3RD,39.16459009,-86.57619975,"39.16459009,-86.57619975",5
902375614,2015-01-06,Weekend,1900,2-Car,No injury/unknown,,US45W,39.125312,-86.610496,"39.125312,-86.610496",0
902375751,2015-01-07,Weekend,200,Pedestrian,Non-incapacitating,FAILURE TO YIELD RIGHT OF WAY,DUNN & KIRKWOOD,39.16664,-86.528192,"39.16664,-86.528192",43
902375764,2015-01-06,Weekday,1200,3+ Cars,No injury/unknown,DISREGARD SIGNAL/REG SIGN,KIMBLE & W 3RD,39.16464,-86.568,"39.16464,-86.568",5
902375793,2015-01-07,Weekend,100,2-Car,No injury/unknown,IMPROPER LANE USAGE,HOPEWELL & W 8TH,39.16968,-86.552192,"39.16968,-86.552192",18
902375812,2015-01-07,Weekend,700,Bus,Incapacitating,BRAKE FAILURE OR DEFECTIVE,17TH & COLLEGE,39.17896,-86.53472,"39.17896,-86.53472",34
902375825,2015-01-07,Weekend,900,2-Car,No injury/unknown,FAILURE TO YIELD RIGHT OF WAY,INDIANA & THIRTEENTH,39.17524746,-86.52701896,"39.17524746,-86.52701896",40
902375837,2015-01-07,Weekend,900,2-Car,No injury/unknown,IMPROPER LANE USAGE,JORDAN & THIRD,39.16427532,-86.51640856,"39.16427532,-86.51640856",19
902375867,2015-01-07,Weekend,1200,2-Car,No injury/unknown,IMPROPER TURNING,JORDAN & THIRD,39.16427532,-86.51640856,"39.16427532,-86.51640856",19
902375880,2015-01-06,Weekday,1600,2-Car,No injury/unknown,IMPROPER TURNING,W 3RD,39.228944,-86.627504,"39.228944,-86.627504",1
902375899,2015-01-06,Weekday,1800,2-Car,No injury/unknown,DISREGARD SIGNAL/REG SIGN,4TH & WASHINGTON,39.165648,-86.5324,"39.165648,-86.5324",43
902375928,2015-01-06,Weekday,1800,1-Car,No injury/unknown,RAN OFF ROAD RIGHT,KOONTZ & W DUVALL,39.079248,-86.619792,"39.079248,-86.619792",0
902375946,2015-01-07,Weekend,1500,2-Car,No injury/unknown,UNSAFE BACKING,E 10TH,39.17168,-86.527024,"39.17168,-86.527024",40
902376025,2015-01-07,Weekend,1700,1-Car,No injury/unknown,IMPROPER TURNING,INDIANA & SEVENTH,39.16851475,-86.52695381,"39.16851475,-86.52695381",42
902376043,2015-01-07,Weekend,1600,Moped/Motorcycle,No injury/unknown,FAILURE TO YIELD RIGHT OF WAY,E GRAMERCY PARK & N HINKLE,39.21040021,-86.50542967,"39.21040021,-86.50542967",0
902376047,2015-01-07,Weekend,1800,2-Car,Incapacitating,FAILURE TO YIELD RIGHT OF WAY,NORTH KINSER & SR46E,39.186544,-86.537888,"39.186544,-86.537888",3
902376062,2015-01-04,Weekday,1800,2-Car,No injury/unknown,FAILURE TO YIELD RIGHT OF WAY,SR37S & WEST WAYSIDE,39.10921097,-86.53382873,"39.10921097,-86.53382873",0
902376063,2015-01-07,Weekend,1500,2-Car,No injury/unknown,UNSAFE BACKING,S COLLEGE MALL,39.175152,-86.534752,"39.175152,-86.534752",39
902376066,2015-01-07,Weekend,1600,2-Car,Non-incapacitating,FAILURE TO YIELD RIGHT OF WAY,E 3RD & OVERHILL,39.164272,-86.501488,"39.164272,-86.501488",6
902376079,2015-01-05,Weekday,1500,1-Car,No injury/unknown,ANIMAL/OBJECT IN ROADWAY,NORTH TEXAS RIDGE,39.31562042,-86.66162872,"39.31562042,-86.66162872",0
902376080,2015-01-06,Weekday,1600,2-Car,No injury/unknown,FOLLOWING TOO CLOSELY,EAST SMITHVILLE,39.071056,-86.5356,"39.071056,-86.5356",0
902376081,2015-01-06,Weekend,1900,1-Car,No injury/unknown,RAN OFF ROAD RIGHT,SOUTH BREEDEN & SR45W,39.0873344,-86.67042215,"39.0873344,-86.67042215",0
902376207,2015-01-07,Weekend,1100,2-Car,No injury/unknown,DISREGARD SIGNAL/REG SIGN,GATES & SR45W,39.16820908,-86.57639312,"39.16820908,-86.57639312",5
902376248,2015-01-01,Weekend,800,1-Car,No injury/unknown,RAN OFF ROAD RIGHT,CAVE ROAD & W AIRPORT ROAD,39.13688,-86.628768,"39.13688,-86.628768",0
902376250,2015-01-01,Weekend,900,2-Car,No injury/unknown,FAILURE TO YIELD RIGHT OF WAY,MILLER & S WALNUT,39.146944,-86.532544,"39.146944,-86.532544",4
902376326,2015-01-07,Weekend,2100,2-Car,No injury/unknown,FOLLOWING TOO CLOSELY,N MARY & W REEVES,39.231312,-86.636704,"39.231312,-86.636704",1
902376382,2015-01-01,Weekend,1400,2-Car,No injury/unknown,FOLLOWING TOO CLOSELY,E 3RD & S JEFFERSON,39.164304,-86.506992,"39.164304,-86.506992",6
902376405,2015-01-06,Weekday,700,2-Car,No injury/unknown,OTHER (DRIVER) - EXPLAIN IN NARRATIVE,BURMA & SR37,39.31831096,-86.51055935,"39.31831096,-86.51055935",0