Master Record Number,Date,Weekend?,Hour,Collision Type,Injury Type,Primary Factor,Reported_Location,Latitude,Longitude,Location,Number of Bars
902433790,2015-04-05,Weekday,1300,2-Car,No injury/unknown,UNSAFE LANE MOVEMENT,E 3RD & SR4546E,39.164448,-86.471888,"39.164448,-86.471888",1
902433805,2015-04-05,Weekday,1700,2-Car,No injury/unknown,FAILURE TO YIELD RIGHT OF WAY,LONGVIEW & PETE ELLIS,39.166944,-86.495056,"39.166944,-86.495056",6
902433822,2015-04-05,Weekday,1800,2-Car,No injury/unknown,IMPROPER PASSING,3RD & JORDAN,39.16425613,-86.51640058,"39.16425613,-86.51640058",19
902433823,2015-04-02,Weekday,1500,1-Car,No injury/unknown,RAN OFF ROAD RIGHT,RUSH RIDGE & SR446S,39.08251493,-86.4199346,"39.08251493,-86.4199346",0
902433830,2015-04-05,Weekday,1600,2-Car,No injury/unknown,IMPROPER TURNING,EAST DILLMAN & SOUTH OLD STATE ROAD 37,39.092944,-86.544,"39.092944,-86.544",0
902433835,2015-04-01,Weekend,0,1-Car,No injury/unknown,ANIMAL/OBJECT IN ROADWAY,BAYWOOD & SOUTH ROGERS,39.11371503,-86.53948031,"39.11371503,-86.53948031",0
902433854,2015-04-05,Weekday,1800,2-Car,No injury/unknown,IMPROPER TURNING,E 17TH,39.17896,-86.521088,"39.17896,-86.521088",33
902433926,2015-04-06,Weekday,200,2-Car,No injury/unknown,OTHER (DRIVER) - EXPLAIN IN NARRATIVE,N WALNUT & W 7TH,39.16864,-86.533568,"39.16864,-86.533568",41
902433962,2015-04-06,Weekday,700,2-Car,No injury/unknown,FOLLOWING TOO CLOSELY,HIGH & HILLSIDE,39.150544,-86.508288,"39.150544,-86.508288",5
902434009,2015-04-06,Weekday,800,2-Car,Non-incapacitating,FOLLOWING TOO CLOSELY,N MILO B SAMPSON & SR46,39.18907166,-86.52171325,"39.18907166,-86.52171325",1
902434049,2015-04-06,Weekday,800,3+ Cars,No injury/unknown,FOLLOWING TOO CLOSELY,200 BLK N COLLEGE & 6TH,39.16902128,-86.534784,"39.16902128,-86.534784",41
902434162,2015-04-06,Weekday,1100,2-Car,No injury/unknown,UNSAFE BACKING,N COLLEGE & W 6TH,39.167648,-86.534784,"39.167648,-86.534784",41
902434171,2015-04-06,Weekday,900,2-Car,No injury/unknown,DISREGARD SIGNAL/REG SIGN,4TH & WALNUT,39.165648,-86.5336,"39.165648,-86.5336",42
902434192,2015-04-06,Weekday,1200,2-Car,No injury/unknown,UNSAFE BACKING,S SWAIN,39.16410678,-86.51519608,"39.16410678,-86.51519608",12
902434215,2015-04-06,Weekday,700,2-Car,Non-incapacitating,DISREGARD SIGNAL/REG SIGN,2ND & ADAMS,39.16037969,-86.55083008,"39.16037969,-86.55083008",26
902434258,2015-04-06,Weekday,1400,2-Car,No injury/unknown,FOLLOWING TOO CLOSELY,E 3RD & S ROSE,39.164352,-86.510944,"39.164352,-86.510944",9
902434274,2015-04-06,Weekday,1400,2-Car,No injury/unknown,FOLLOWING TOO CLOSELY,NORTH KINSER & WEST GOURLEY,39.185392,-86.537856,"39.185392,-86.537856",3
902434276,2015-04-06,Weekday,1400,2-Car,No injury/unknown,UNSAFE BACKING,15TH & GRANT,39.1770104,-86.5296,"39.1770104,-86.5296",40
902434304,2015-04-06,Weekday,1600,3+ Cars,No injury/unknown,FOLLOWING TOO CLOSELY,3RD & KINGSTON,39.16424,-86.492944,"39.16424,-86.492944",6
902434402,2015-04-06,Weekend,2000,1-Car,No injury/unknown,RAN OFF ROAD RIGHT,NORTH WALNUT & WEST 17TH,39.178944,-86.533392,"39.178944,-86.533392",35
902434416,2015-04-06,Weekday,1400,2-Car,Incapacitating,FAILURE TO YIELD RIGHT OF WAY,4TH & BRYAN,39.165696,-86.508208,"39.165696,-86.508208",6
902434419,2015-04-06,Weekday,1400,1-Car,No injury/unknown,UNSAFE BACKING,W SMITH,39.16299853,-86.53885649,"39.16299853,-86.53885649",43
902434427,2015-04-04,Weekday,1900,2-Car,No injury/unknown,FOLLOWING TOO CLOSELY,15TH & NORTH COLLEGE,39.15944,-86.53488,"39.15944,-86.53488",40
902434482,2015-04-06,Weekend,2100,3+ Cars,Non-incapacitating,FOLLOWING TOO CLOSELY,3RD & COLLEGE MALL,39.16424,-86.4984,"39.16424,-86.4984",6
902434488,2015-04-07,Weekend,2300,2-Car,No injury/unknown,UNSAFE BACKING,E 3RD,39.16444703,-86.52575968,"39.16444703,-86.52575968",43
902434489,2015-04-07,Weekend,0,2-Car,No injury/unknown,FAILURE TO YIELD RIGHT OF WAY,10TH & WOODLAWN,39.171632,-86.523536,"39.171632,-86.523536",40
902434505,2015-04-06,Weekend,1900,2-Car,No injury/unknown,UNSAFE BACKING,N WALNUT,39.232544,-86.540704,"39.232544,-86.540704",0
902434606,2015-04-07,Weekend,1400,2-Car,No injury/unknown,FOLLOWING TOO CLOSELY,E 10TH & SR46S,39.17227292,-86.5024615,"39.17227292,-86.5024615",5
902434616,2015-04-06,Weekday,1600,2-Car,Non-incapacitating,FAILURE TO YIELD RIGHT OF WAY,E UNIVERSITY & S HENDERSON,39.16032,-86.527136,"39.16032,-86.527136",43
902434623,2015-04-07,Weekend,100,2-Car,No injury/unknown,IMPROPER TURNING,8TH & ELM,39.169632,-86.5452,"39.169632,-86.5452",40
902434631,2015-04-07,Weekend,1100,2-Car,No injury/unknown,IMPROPER TURNING,E 14TH & N WALNUT,39.175952,-86.53344,"39.175952,-86.53344",39
902434664,2015-04-07,Weekend,1600,2-Car,No injury/unknown,FAILURE TO YIELD RIGHT OF WAY,13TH & INDIANA,39.175504,-86.527104,"39.175504,-86.527104",40
902434667,2015-04-07,Weekend,1400,2-Car,No injury/unknown,FAILURE TO YIELD RIGHT OF WAY,6TH & ROGERS,39.16768,-86.538592,"39.16768,-86.538592",42
902434686,2015-04-07,Weekend,1700,2-Car,No injury/unknown,DISREGARD SIGNAL/REG SIGN,ATWATER & HENDERSON,39.16313969,-86.52727022,"39.16313969,-86.52727022",43
902434731,2015-04-07,Weekend,1800,2-Car,No injury/unknown,FOLLOWING TOO CLOSELY,7TH & SR46N,39.167648,-86.500096,"39.167648,-86.500096",6
902434736,2015-04-06,Weekend,2100,1-Car,No injury/unknown,RAN OFF ROAD RIGHT,S OLD STATE ROAD 37 & W CEDAR BLUFF,39.042144,-86.5412,"39.042144,-86.5412",0
902434739,2015-04-06,Weekday,1600,1-Car,Fatal,RAN OFF ROAD RIGHT,DUNCAN & W LEONARD SPRINGS,39.122352,-86.5964,"39.122352,-86.5964",0
902434741,2015-04-07,Weekend,1500,2-Car,Fatal,RAN OFF ROAD RIGHT,KIRBY & W ST RD 48,39.05918475,-86.61081969,"39.05918475,-86.61081969",0
902434754,2015-04-07,Weekend,1600,2-Car,No injury/unknown,FAILURE TO YIELD RIGHT OF WAY,9TH & WALNUT,39.170544,-86.533536,"39.170544,-86.533536",39
902434773,2015-03-02,Weekday,2300,1-Car,No injury/unknown,RAN OFF ROAD RIGHT,RICHLAND PLAZA & SR46W,39.21649933,-86.59526824,"39.21649933,-86.59526824",0
902434774,2015-04-06,Weekday,500,1-Car,No injury/unknown,ANIMAL/OBJECT IN ROADWAY,ARLINGTON & SR46W,39.20813215,-86.57812268,"39.20813215,-86.57812268",0
902434780,2015-04-01,Weekend,0,2-Car,Non-incapacitating,,E GRANDVIEW & N SMITH,39.168848,-86.481296,"39.168848,-86.481296",4
902434796,2015-04-07,Weekend,500,1-Car,Incapacitating,OTHER (DRIVER) - EXPLAIN IN NARRATIVE,SR45W,39.125312,-86.610496,"39.125312,-86.610496",0
902434799,2015-04-01,Weekend,400,2-Car,Incapacitating,DRIVER ASLEEP OR FATIGUED,E 3RD & S WALNUT,39.16464,-86.5336,"39.16464,-86.5336",42
902434835,2015-04-07,Weekend,1200,2-Car,No injury/unknown,LEFT OF CENTER,ALLENS CREEK & SR446S,38.97667209,-86.4416809,"38.97667209,-86.4416809",0
902434868,2015-04-01,Weekend,900,2-Car,No injury/unknown,DISREGARD SIGNAL/REG SIGN,E 7TH & N DUNN,39.16864,-86.528224,"39.16864,-86.528224",42
902434881,2015-04-07,Weekend,2200,2-Car,No injury/unknown,FOLLOWING TOO CLOSELY,E 10TH & N JORDAN,39.171552,-86.515728,"39.171552,-86.515728",14
902377265,2015-01-01,Weekend,1300,2-Car,Incapacitating,UNSAFE SPEED,SR37 & VERNAL,39.17599001,-86.56318363,"39.17599001,-86.56318363",3
902377318,2015-01-03,Weekday,900,3+ Cars,Non-incapacitating,FOLLOWING TOO CLOSELY,COUNTRY CLUB & S ROGERS,39.13608,-86.538096,"39.13608,-86.538096",1
902377320,2015-01-03,Weekday,800,2-Car,No injury/unknown,FAILURE TO YIELD RIGHT OF WAY,8TH & INDIANA,39.169616,-86.52696,"39.169616,-86.52696",42
902377344,2015-01-03,Weekday,1000,Pedestrian,Incapacitating,FAILURE TO YIELD RIGHT OF WAY,7TH & WOODLAWN,39.16864,-86.523392,"39.16864,-86.523392",42
902377351,2015-01-01,Weekend,600,1-Car,Non-incapacitating,RAN OFF ROAD RIGHT,GETTYS CREEK & SR46E,39.162864,-86.414432,"39.162864,-86.414432",0
902377352,2015-01-01,Weekend,1200,2-Car,No injury/unknown,FOLLOWING TOO CLOSELY,DUNCAN & SR45W,39.13504,-86.596192,"39.13504,-86.596192",1
902377369,2015-01-03,Weekday,1200,2-Car,No injury/unknown,UNSAFE BACKING,EAST KIRKWOOD,39.16664,-86.52798041,"39.16664,-86.52798041",43
902377481,2015-01-03,Weekday,1000,Pedestrian,Incapacitating,PEDESTRIAN ACTION,17TH & N WALNUT,39.178944,-86.533392,"39.178944,-86.533392",35
902377564,2015-01-03,Weekday,700,2-Car,Incapacitating,LEFT OF CENTER,ANNALEE & W BLOOMFIELD,39.15810156,-86.55750275,"39.15810156,-86.55750275",4
902377599,2015-01-02,Weekday,1700,3+ Cars,No injury/unknown,UNSAFE SPEED,SR37S & VERNAL,39.17896726,-86.55952979,"39.17896726,-86.55952979",2
902377725,2015-01-03,Weekday,2100,2-Car,No injury/unknown,DISREGARD SIGNAL/REG SIGN,ROCKPORT & TAPP,39.136448,-86.548704,"39.136448,-86.548704",0
902377737,2015-01-03,Weekday,2000,2-Car,Non-incapacitating,FOLLOWING TOO CLOSELY,SR37S & SR45E,39.232688,-86.623056,"39.232688,-86.623056",1
902377754,2015-01-03,Weekday,1600,2-Car,Incapacitating,FOLLOWING TOO CLOSELY,HARTSTRAIGHT & SR46W,39.20619965,-86.61134338,"39.20619965,-86.61134338",0
902377852,2015-01-01,Weekend,400,1-Car,No injury/unknown,RAN OFF ROAD RIGHT,NORTH DUNN & OLD STATE ROAD 37 NORTH,39.20801975,-86.52872428,"39.20801975,-86.52872428",0
902377867,2015-01-06,Weekday,700,1-Car,No injury/unknown,ROADWAY SURFACE CONDITION,SR37N & W 3RD,39.16747214,-86.57272682,"39.16747214,-86.57272682",5
902377874,2015-01-02,Weekday,700,2-Car,No injury/unknown,FAILURE TO YIELD RIGHT OF WAY,SISCOE & SR46W,39.27146912,-86.67021209,"39.27146912,-86.67021209",0
902377987,2015-01-04,Weekday,900,2-Car,No injury/unknown,FOLLOWING TOO CLOSELY,7TH & COLLEGE,39.168656,-86.534784,"39.168656,-86.534784",41
902377993,2015-01-04,Weekday,800,Bus,Non-incapacitating,FAILURE TO YIELD RIGHT OF WAY,S WALNUT & WINSLOW,39.136144,-86.528688,"39.136144,-86.528688",1
902378105,2015-01-04,Weekday,1100,2-Car,No injury/unknown,DRIVER DISTRACTED - EXPLAIN IN NARRATIVE,2ND & HIGHLAND,39.16105025,-86.51772022,"39.16105025,-86.51772022",31
902378125,2015-01-03,Weekday,900,2-Car,No injury/unknown,FOLLOWING TOO CLOSELY,N OLD ST RD 37 & N WALNUT,39.18336019,-86.53415009,"39.18336019,-86.53415009",4
902378144,2015-01-04,Weekday,1100,3+ Cars,No injury/unknown,OTHER (DRIVER) - EXPLAIN IN NARRATIVE,OLD SR 37 & WALNUT,39.20704,-86.534704,"39.20704,-86.534704",0
902378176,2015-01-04,Weekday,700,2-Car,No injury/unknown,FAILURE TO YIELD RIGHT OF WAY,SMITH & SR46E,39.210144,-86.5832,"39.210144,-86.5832",0
902378462,2015-01-03,Weekday,1200,2-Car,No injury/unknown,,E 10TH & HILLTOP,39.1730517,-86.5041985,"39.1730517,-86.5041985",5
902378489,2015-01-04,Weekday,1800,2-Car,Non-incapacitating,FOLLOWING TOO CLOSELY,COVENANTER & S COLLEGE MALL,39.155152,-86.497888,"39.155152,-86.497888",5
902378525,2015-01-04,Weekday,1800,1-Car,No injury/unknown,ANIMAL/OBJECT IN ROADWAY,ADAMS & ALLEN,39.155943,-86.55112098,"39.155943,-86.55112098",23
902378531,2015-01-04,Weekday,600,2-Car,No injury/unknown,UNSAFE BACKING,E 16TH & N LINCOLN,39.177792,-86.530864,"39.177792,-86.530864",39
902378616,2015-01-05,Weekday,600,2-Car,No injury/unknown,FOLLOWING TOO CLOSELY,E 10TH & N SMITH,39.172752,-86.482288,"39.172752,-86.482288",4
902378710,2015-01-04,Weekday,1300,1-Car,No injury/unknown,UNSAFE SPEED,BETHEL & STIDD,39.21424702,-86.47831157,"39.21424702,-86.47831157",0
902378718,2015-01-03,Weekday,700,2-Car,No injury/unknown,IMPROPER TURNING,S LEONARD SPRINGS ROAD & SR45,39.142048,-86.582592,"39.142048,-86.582592",1
902378775,2015-01-05,Weekday,900,2-Car,No injury/unknown,FOLLOWING TOO CLOSELY,TENTH & WOODLAWN,39.17162998,-86.52351778,"39.17162998,-86.52351778",40
902378796,2015-01-05,Weekday,1200,2-Car,No injury/unknown,UNSAFE LANE MOVEMENT,S WALNUT & SMITH,39.162848,-86.5336,"39.162848,-86.5336",42
902378814,2015-01-05,Weekday,1300,2-Car,No injury/unknown,DRIVER DISTRACTED - EXPLAIN IN NARRATIVE,10TH & SR46E,39.171648,-86.502096,"39.171648,-86.502096",5
902378927,2015-01-06,Weekday,800,2-Car,No injury/unknown,SPEED TOO FAST FOR WEATHER CONDITIONS,CURRY & SR46E,39.15835953,-86.58274637,"39.15835953,-86.58274637",4
902379041,2015-01-05,Weekday,1900,2-Car,No injury/unknown,FAILURE TO YIELD RIGHT OF WAY,11TH & INDIANA,39.17344,-86.527056,"39.17344,-86.527056",40
902379059,2015-01-05,Weekday,1900,2-Car,No injury/unknown,FAILURE TO YIELD RIGHT OF WAY,11TH & INDIANA,39.17344,-86.527056,"39.17344,-86.527056",40
902379085,2015-01-05,Weekday,2000,2-Car,No injury/unknown,FOLLOWING TOO CLOSELY,10TH & WALNUT,39.171744,-86.53352,"39.171744,-86.53352",39
902379086,2015-01-04,Weekday,1800,2-Car,No injury/unknown,ANIMAL/OBJECT IN ROADWAY,SOUTH ROCKPORT & WEST TAPP,39.136448,-86.548704,"39.136448,-86.548704",0
902379088,2015-01-05,Weekday,2100,2-Car,No injury/unknown,FAILURE TO YIELD RIGHT OF WAY,INDIANA & THIRTEENTH,39.17524746,-86.52701896,"39.17524746,-86.52701896",40
902379090,2015-01-05,Weekday,1900,2-Car,No injury/unknown,IMPROPER LANE USAGE,COLLEGE & DODDS,39.157568,-86.534896,"39.157568,-86.534896",40
902379093,2015-01-05,Weekday,2100,1-Car,No injury/unknown,FAILURE TO YIELD RIGHT OF WAY,N WALNUT,39.16880751,-86.53356506,"39.16880751,-86.53356506",41
902379167,2015-01-03,Weekday,1200,2-Car,No injury/unknown,FOLLOWING TOO CLOSELY,BRUMMETTS CREEK & SR45E,39.22039032,-86.41104355,"39.22039032,-86.41104355",0
902379291,2015-01-06,Weekday,1000,2-Car,No injury/unknown,,ATWATER & S DUNN,39.164448,-86.528096,"39.164448,-86.528096",43
902379357,2015-01-06,Weekday,700,3+ Cars,No injury/unknown,DRIVER DISTRACTED - EXPLAIN IN NARRATIVE,SR37 & SR45W,39.30670166,-86.51615394,"39.30670166,-86.51615394",0
902379507,2015-01-05,Weekday,2000,2-Car,No injury/unknown,UNSAFE BACKING,E 17TH,39.17896,-86.521088,"39.17896,-86.521088",33
902379517,2015-01-06,Weekday,1700,2-Car,No injury/unknown,OTHER (DRIVER) - EXPLAIN IN NARRATIVE,W 2ND,39.16153611,-86.53976784,"39.16153611,-86.53976784",43
902379526,2015-01-06,Weekday,1500,2-Car,No injury/unknown,UNSAFE SPEED,EAST 3RD & SOUTH COLLRGE MALL,39.16424006,-86.49827018,"39.16424006,-86.49827018",6
902379555,2015-01-05,Weekday,2000,2-Car,No injury/unknown,IMPROPER TURNING,FEE & JORDAN,39.18384,-86.5192,"39.18384,-86.5192",1
902379562,2015-01-06,Weekday,1700,2-Car,No injury/unknown,IMPROPER TURNING,E 10TH,39.171648,-86.50435515,"39.171648,-86.50435515",5
902379564,2015-01-06,Weekday,1700,2-Car,Non-incapacitating,IMPROPER LANE USAGE,3RD & SWAIN,39.16425012,-86.51525996,"39.16425012,-86.51525996",12
902379636,2015-01-06,Weekend,2200,2-Car,No injury/unknown,DISREGARD SIGNAL/REG SIGN,3RD & WALNUT,39.16464,-86.5336,"39.16464,-86.5336",42
902379686,2015-01-07,Weekend,800,2-Car,Non-incapacitating,FAILURE TO YIELD RIGHT OF WAY,N MADISON & W 17TH,39.178992,-86.537792,"39.178992,-86.537792",34
902379711,2015-01-07,Weekend,200,1-Car,No injury/unknown,RAN OFF ROAD RIGHT,SOUTH LEONARD SPRINGS & W FOWLER,39.100752,-86.593504,"39.100752,-86.593504",0
902379724,2015-01-07,Weekend,1200,2-Car,No injury/unknown,FAILURE TO YIELD RIGHT OF WAY,GATES & JACOB,39.16562006,-86.57599993,"39.16562006,-86.57599993",5
902379730,2015-01-07,Weekend,1000,2-Car,No injury/unknown,UNSAFE BACKING,ATWATER & FACULTY,39.16310246,-86.52108721,"39.16310246,-86.52108721",41
902379731,2015-01-07,Weekend,1100,1-Car,No injury/unknown,UNSAFE LANE MOVEMENT,E ATWATER,39.16315913,-86.52214653,"39.16315913,-86.52214653",42
902379732,2015-01-07,Weekend,0,2-Car,No injury/unknown,OTHER (DRIVER) - EXPLAIN IN NARRATIVE,WASHINGTON & WILSON,39.15148012,-86.53250992,"39.15148012,-86.53250992",5
902379766,2015-01-07,Weekend,200,2-Car,No injury/unknown,UNSAFE BACKING,N JORDAN,39.17631322,-86.51321032,"39.17631322,-86.51321032",11
902379767,2015-01-06,Weekday,1700,2-Car,No injury/unknown,FAILURE TO YIELD RIGHT OF WAY,WALNUT & WINSLOW,39.13679409,-86.52933809,"39.13679409,-86.52933809",1
902379768,2015-01-06,Weekend,2200,1-Car,No injury/unknown,ANIMAL/OBJECT IN ROADWAY,BRIGHTON & WAMPLER,39.33448,-86.614368,"39.33448,-86.614368",0
902379772,2015-01-07,Weekend,1500,2-Car,Incapacitating,FAILURE TO YIELD RIGHT OF WAY,2ND & LINCOLN,39.16144,-86.531056,"39.16144,-86.531056",43
902379834,2015-01-07,Weekend,1700,2-Car,No injury/unknown,FAILURE TO YIELD RIGHT OF WAY,7TH & WASHINGTON,39.16864,-86.5324,"39.16864,-86.5324",42
902379838,2015-01-07,Weekend,1500,2-Car,No injury/unknown,UNSAFE BACKING,S BASSWOOD,39.1513963,-86.57068043,"39.1513963,-86.57068043",1
902379839,2015-01-07,Weekend,1800,2-Car,No injury/unknown,FOLLOWING TOO CLOSELY,COLLEGE MALL & COVENANTER,39.155152,-86.497888,"39.155152,-86.497888",5
902379847,2015-01-07,Weekend,1400,2-Car,No injury/unknown,UNSAFE LANE MOVEMENT,9TH & LINCOLN,39.170544,-86.530992,"39.170544,-86.530992",40
902379946,2015-01-07,Weekend,1000,1-Car,No injury/unknown,RAN OFF ROAD RIGHT,BRUMMETTS & SR45E,39.22039032,-86.41105651,"39.22039032,-86.41105651",0
902380006,2015-01-01,Weekend,1100,1-Car,Non-incapacitating,SPEED TOO FAST FOR WEATHER CONDITIONS,ENDWRIGHT & W GIFFORD,39.15128969,-86.59638682,"39.15128969,-86.59638682",1
902380012,2015-01-01,Weekend,1100,2-Car,No injury/unknown,WRONG WAY ON ONE WAY,EAST THIRD & SR46N,39.09088158,-86.51473999,"39.09088158,-86.51473999",0
902380402,2015-01-06,Weekday,800,Pedestrian,Non-incapacitating,FAILURE TO YIELD RIGHT OF WAY,W GORDON,39.121648,-86.539088,"39.121648,-86.539088",0
902380469,2015-01-01,Weekday,2200,2-Car,No injury/unknown,OTHER (DRIVER) - EXPLAIN IN NARRATIVE,N KINSER,39.222752,-86.550096,"39.222752,-86.550096",0
902380736,2015-01-02,Weekday,700,2-Car,No injury/unknown,UNSAFE SPEED,CURRY & SR48,39.16463885,-86.58291871,"39.16463885,-86.58291871",5
902380779,2015-01-02,Weekday,1100,Bus,No injury/unknown,UNSAFE LANE MOVEMENT,7TH & DUNN,39.16851014,-86.52823259,"39.16851014,-86.52823259",42
902381149,2015-01-02,Weekday,1600,2-Car,Non-incapacitating,UNSAFE LANE MOVEMENT,E 9TH & N WALNUT,39.170544,-86.533536,"39.170544,-86.533536",39
902381171,2015-01-02,Weekday,700,Pedestrian,Non-incapacitating,FAILURE TO YIELD RIGHT OF WAY,E 3RD & S PARKRIDGE,39.16421995,-86.4763002,"39.16421995,-86.4763002",1
902381172,2015-01-01,Weekend,1700,2-Car,No injury/unknown,FOLLOWING TOO CLOSELY,DINSMORE & SR45W,39.11489515,-86.63129155,"39.11489515,-86.63129155",0
902381214,2015-01-02,Weekday,1900,2-Car,No injury/unknown,UNSAFE BACKING,S COLLEGE MALL,39.15250667,-86.497904,"39.15250667,-86.497904",5
902381232,2015-01-03,Weekday,0,1-Car,No injury/unknown,SPEED TOO FAST FOR WEATHER CONDITIONS,S MILL STONE & S SARE,39.12377022,-86.50865033,"39.12377022,-86.50865033",0
902381273,2015-01-02,Weekday,1200,2-Car,No injury/unknown,FOLLOWING TOO CLOSELY,E MOODY & S HENDERSON,39.148064,-86.526912,"39.148064,-86.526912",4
902381278,2015-01-03,Weekday,400,1-Car,Incapacitating,SPEED TOO FAST FOR WEATHER CONDITIONS,SR37S,39.02058357,-86.53618193,"39.02058357,-86.53618193",0
902381395,2015-01-02,Weekday,1300,1-Car,Incapacitating,OVERCORRECTING/OVERSTEERING,10TH & JEFFERSON,39.17164801,-86.50673515,"39.17164801,-86.50673515",5
902381403,2015-01-03,Weekday,800,1-Car,No injury/unknown,OTHER (ENVIRONMENTAL) - EXPLAIN IN NARR,WALCOTT & WOODYARD,39.20263934,-86.60293007,"39.20263934,-86.60293007",0
902381465,2015-01-04,Weekday,1900,2-Car,No injury/unknown,OTHER (DRIVER) - EXPLAIN IN NARRATIVE,ANNA LEE,39.16023619,-86.55678324,"39.16023619,-86.55678324",4
902381558,2015-01-03,Weekday,700,2-Car,No injury/unknown,ROADWAY SURFACE CONDITION,MATTHEWS & MCNEELY,39.23821002,-86.62392027,"39.23821002,-86.62392027",1
902381670,2015-01-03,Weekday,1200,2-Car,No injury/unknown,FAILURE TO YIELD RIGHT OF WAY,KIRKWOOD & LINCOLN,39.16664,-86.530992,"39.16664,-86.530992",43
902381916,2015-01-03,Weekday,1600,2-Car,No injury/unknown,UNSAFE BACKING,E 4TH & S WALNUT,39.165648,-86.5336,"39.165648,-86.5336",42
902381965,2015-01-03,Weekday,1900,1-Car,Non-incapacitating,OVERCORRECTING/OVERSTEERING,ROGERS & STANDS,39.13599975,-86.50409131,"39.13599975,-86.50409131",0
902382234,2015-01-04,Weekday,900,1-Car,No injury/unknown,RAN OFF ROAD RIGHT,S ROGERS & W ALLEN,39.155776,-86.538592,"39.155776,-86.538592",40
902382237,2015-01-02,Weekday,1500,2-Car,Non-incapacitating,FOLLOWING TOO CLOSELY,INDUSTRIAL & W STATE ROAD 45,39.14387261,-86.57995526,"39.14387261,-86.57995526",1
902382247,2015-01-04,Weekday,700,2-Car,No injury/unknown,FOLLOWING TOO CLOSELY,DILLMAN & SR37S,39.09283916,-86.54563315,"39.09283916,-86.54563315",0
902382258,2015-01-04,Weekday,900,2-Car,No injury/unknown,FAILURE TO YIELD RIGHT OF WAY,HIGHLAND & HUNTER,39.16224,-86.5176,"39.16224,-86.5176",29
902382276,2015-01-04,Weekday,1100,2-Car,No injury/unknown,UNSAFE BACKING,N ROSE,39.1662177,-86.51097988,"39.1662177,-86.51097988",9
902382277,2015-01-04,Weekday,700,3+ Cars,No injury/unknown,FOLLOWING TOO CLOSELY,DILLMAN & SR37S,39.092976,-86.545648,"39.092976,-86.545648",0
902382278,2015-01-03,Weekday,700,1-Car,No injury/unknown,SPEED TOO FAST FOR WEATHER CONDITIONS,ROGERS,39.13586997,-86.49740259,"39.13586997,-86.49740259",0
902382318,2015-01-04,Weekday,1200,1-Car,No injury/unknown,IMPROPER TURNING,E 10TH,39.17157747,-86.51808392,"39.17157747,-86.51808392",32
902382345,2015-01-05,Weekday,1900,2-Car,No injury/unknown,OTHER (DRIVER) - EXPLAIN IN NARRATIVE,PATTERSON & SOUTH ROGERS,39.14321865,-86.53875008,"39.14321865,-86.53875008",4
902382427,2015-01-03,Weekday,700,1-Car,No injury/unknown,SPEED TOO FAST FOR WEATHER CONDITIONS,W WALCOTT & W WOODYARD,39.201488,-86.601968,"39.201488,-86.601968",0
902382457,2015-01-04,Weekday,1400,2-Car,No injury/unknown,FOLLOWING TOO CLOSELY,SR46 & W ARLINGTON,39.20764272,-86.57990586,"39.20764272,-86.57990586",0
902382482,2015-01-04,Weekday,1500,3+ Cars,Non-incapacitating,BRAKE FAILURE OR DEFECTIVE,CORY & THIRD,39.164544,-86.560096,"39.164544,-86.560096",4
902382492,2015-01-04,Weekday,1400,2-Car,No injury/unknown,FAILURE TO YIELD RIGHT OF WAY,FEE & THIRTEENTH,39.17511699,-86.51902368,"39.17511699,-86.51902368",36
902382494,2015-01-06,Weekend,1900,1-Car,No injury/unknown,UNSAFE BACKING,EAST LINGELBACH,39.17783417,-86.50846123,"39.17783417,-86.50846123",2
902382516,2015-01-04,Weekday,1600,3+ Cars,Incapacitating,FAILURE TO YIELD RIGHT OF WAY,2ND & COLLEGE MALL,39.160944,-86.497696,"39.160944,-86.497696",6
902382525,2015-01-04,Weekday,700,2-Car,No injury/unknown,UNSAFE BACKING,N JORDAN,39.17471408,-86.51501534,"39.17471408,-86.51501534",12
902382528,2015-01-04,Weekday,1700,2-Car,Non-incapacitating,FOLLOWING TOO CLOSELY,2ND & PATTERSON,39.16074984,-86.54850997,"39.16074984,-86.54850997",33
902382542,2015-01-04,Weekday,1500,2-Car,No injury/unknown,DISREGARD SIGNAL/REG SIGN,ROGERS & W 1ST,39.159504,-86.538592,"39.159504,-86.538592",41
902382598,2015-01-04,Weekday,1700,2-Car,Fatal,OTHER (DRIVER) - EXPLAIN IN NARRATIVE,SR 45,39.125312,-86.610496,"39.125312,-86.610496",0
902382698,2015-01-04,Weekday,1200,2-Car,No injury/unknown,FOLLOWING TOO CLOSELY,GRIMES & WALNUT,39.15344,-86.5336,"39.15344,-86.5336",24
902383017,2015-01-03,Weekday,1300,1-Car,No injury/unknown,OTHER (DRIVER) - EXPLAIN IN NARRATIVE,S ADAMS,39.164544,-86.552192,"39.164544,-86.552192",19
902383018,2015-01-05,Weekday,1200,3+ Cars,Incapacitating,DRIVER DISTRACTED - EXPLAIN IN NARRATIVE,FAIRFAX & OLD STATE ROAD 37,39.10725988,-86.53149001,"39.10725988,-86.53149001",0