Master Record Number,Date,Weekend?,Hour,Collision Type,Injury Type,Primary Factor,Reported_Location,Latitude,Longitude,Location,Number of Bars
902487593,2015-07-05,Weekday,1600,2-Car,No injury/unknown,FAILURE TO YIELD RIGHT OF WAY,15TH & WALNUT,39.176848,-86.533424,"39.176848,-86.533424",39
902487616,2015-07-05,Weekday,1400,2-Car,No injury/unknown,FOLLOWING TOO CLOSELY,CURRY & DOYLE,39.158352,-86.582752,"39.158352,-86.582752",4
902487636,2015-07-05,Weekday,1500,1-Car,No injury/unknown,RAN OFF ROAD RIGHT,WALCOTT & WOODYARD,39.20446369,-86.60413314,"39.20446369,-86.60413314",0
902487637,2015-07-05,Weekday,2000,1-Car,No injury/unknown,RAN OFF ROAD RIGHT,GATES & JONATHAN,39.1846236,-86.57641969,"39.1846236,-86.57641969",2
902487652,2015-07-05,Weekday,1300,1-Car,No injury/unknown,ROADWAY SURFACE CONDITION,ROCKEAST & S ROCKPORT,39.14135716,-86.61335974,"39.14135716,-86.61335974",0
902487668,2015-07-05,Weekday,2000,2-Car,No injury/unknown,BRAKE FAILURE OR DEFECTIVE,N WILLIS,39.180048,-86.544,"39.180048,-86.544",26
902487690,2015-07-05,Weekday,2300,1-Car,No injury/unknown,RAN OFF ROAD RIGHT,770 CURRY & DOYLE,39.158352,-86.582752,"39.158352,-86.582752",4
902487911,2015-07-06,Weekday,900,1-Car,No injury/unknown,BRAKE FAILURE OR DEFECTIVE,S WALUNT,39.16441345,-86.53406524,"39.16441345,-86.53406524",42
902488183,2015-07-06,Weekday,800,1-Car,No injury/unknown,RAN OFF ROAD RIGHT,SR46 & STINESVILLE,39.26727358,-86.66617449,"39.26727358,-86.66617449",0
902488299,2015-07-06,Weekday,1000,2-Car,No injury/unknown,UNSAFE BACKING,WEST SR45,39.125312,-86.610496,"39.125312,-86.610496",0
902488407,2015-07-06,Weekend,2100,2-Car,Incapacitating,FAILURE TO YIELD RIGHT OF WAY,N FEE & US4546S,39.186032,-86.51984,"39.186032,-86.51984",1
902488434,2015-07-07,Weekend,0,2-Car,No injury/unknown,FAILURE TO YIELD RIGHT OF WAY,OLD STATE ROAD 37 & WALNUT,39.20704,-86.534704,"39.20704,-86.534704",0
902488562,2015-07-05,Weekday,1300,2-Car,Non-incapacitating,FAILURE TO YIELD RIGHT OF WAY,DILLMAN & FAIRFAX,39.09261033,-86.51702016,"39.09261033,-86.51702016",0
902488599,2015-07-07,Weekend,1200,2-Car,No injury/unknown,OTHER (DRIVER) - EXPLAIN IN NARRATIVE,EAST THIRD & PARK RIDGE,39.16424,-86.476096,"39.16424,-86.476096",1
902488600,2015-07-06,Weekend,1900,3+ Cars,Incapacitating,FOLLOWING TOO CLOSELY,S PATTERSON & W 3RD,39.16344009,-86.55128002,"39.16344009,-86.55128002",24
902488689,2015-07-07,Weekend,1800,2-Car,No injury/unknown,UNSAFE BACKING,WALNUT,39.165648,-86.5336,"39.165648,-86.5336",42
902488695,2015-07-07,Weekend,1600,Pedestrian,Non-incapacitating,UNSAFE BACKING,EAST 3RD,39.16464,-86.569392,"39.16464,-86.569392",6
902488739,2015-07-06,Weekday,1400,1-Car,No injury/unknown,RAN OFF ROAD RIGHT,CAVE & SR48W,39.16333196,-86.63013687,"39.16333196,-86.63013687",0
902488740,2015-07-07,Weekend,1600,2-Car,No injury/unknown,FAILURE TO YIELD RIGHT OF WAY,SMITH & SR46W,39.210144,-86.5832,"39.210144,-86.5832",0
902488747,2015-07-07,Weekend,1800,Moped/Motorcycle,Incapacitating,FAILURE TO YIELD RIGHT OF WAY,E GRIMES & S WALNUT,39.15344,-86.5336,"39.15344,-86.5336",24
902488790,2015-07-01,Weekend,300,1-Car,Non-incapacitating,RAN OFF ROAD RIGHT,3581 MAPLE GROVE & UNION VALLEY,39.24471489,-86.58926817,"39.24471489,-86.58926817",0
902488867,2015-07-05,Weekday,700,2-Car,No injury/unknown,UNSAFE BACKING,SR45W,39.125312,-86.610496,"39.125312,-86.610496",0
902488877,2015-07-07,Weekend,900,2-Car,No injury/unknown,UNSAFE SPEED,SR37 & STONE BELT,39.30711293,-86.5282669,"39.30711293,-86.5282669",0
902489069,2015-07-01,Weekend,100,2-Car,No injury/unknown,UNSAFE BACKING,N GATES,39.16803807,-86.57621853,"39.16803807,-86.57621853",5
902489120,2015-07-01,Weekend,1600,1-Car,No injury/unknown,,S WALNUT,39.15556865,-86.5336,"39.15556865,-86.5336",38
902489121,2015-07-01,Weekday,1900,2-Car,Incapacitating,LEFT OF CENTER,N OLD STATE ROAD 37 & N WALNUT,39.20704,-86.534704,"39.20704,-86.534704",0
902489142,2015-07-01,Weekday,2200,2-Car,No injury/unknown,CELL PHONE USAGE,2ND & WASHINGTON,39.16144,-86.5324,"39.16144,-86.5324",43
902489171,2015-07-07,Weekend,300,1-Car,No injury/unknown,ANIMAL/OBJECT IN ROADWAY,LOVE & SR46W,39.21749588,-86.59948776,"39.21749588,-86.59948776",0
902489173,2015-07-07,Weekend,2100,2-Car,No injury/unknown,UNSAFE BACKING,N WALNUT,39.18198955,-86.53374367,"39.18198955,-86.53374367",7
902489187,2015-07-04,Weekday,0,2-Car,No injury/unknown,UNSAFE BACKING,WEST 2ND,39.1614452,-86.53978943,"39.1614452,-86.53978943",43
902489401,2015-07-02,Weekday,1200,1-Car,No injury/unknown,IMPROPER PASSING,N JACKSON & W 17TH,39.179024,-86.539616,"39.179024,-86.539616",34
902489581,2015-07-02,Weekday,1400,2-Car,No injury/unknown,FAILURE TO YIELD RIGHT OF WAY,LONGVIEW & PETE ELLIS,39.166944,-86.495056,"39.166944,-86.495056",6
902489584,2015-07-02,Weekday,1200,2-Car,No injury/unknown,,N KINSER,39.20304,-86.547392,"39.20304,-86.547392",1
902489638,2015-07-02,Weekday,1600,3+ Cars,No injury/unknown,OTHER (DRIVER) - EXPLAIN IN NARRATIVE,3RD & CURRY,39.16463589,-86.58291865,"39.16463589,-86.58291865",5
902489758,2015-07-02,Weekday,1800,2-Car,No injury/unknown,FOLLOWING TOO CLOSELY,SR37 & TAPP,39.13704,-86.572896,"39.13704,-86.572896",1
902489820,2015-07-02,Weekday,800,1-Car,Incapacitating,OTHER (VEHICLE) - EXPLAIN IN NARRATIVE,KERR CREEK,39.16664,-86.462496,"39.16664,-86.462496",1
902489901,2015-07-05,Weekday,2100,3+ Cars,No injury/unknown,FOLLOWING TOO CLOSELY,COUNTRY CLUB & S ROGERS,39.13304,-86.5384,"39.13304,-86.5384",1
902489925,2015-07-06,Weekday,1000,2-Car,No injury/unknown,FAILURE TO YIELD RIGHT OF WAY,SMITH & SR46W,39.210144,-86.5832,"39.210144,-86.5832",0
902490207,2015-07-06,Weekday,1100,2-Car,No injury/unknown,IMPROPER PASSING,PARK & TURTLE BACK CREEK,39.22079514,-86.61991976,"39.22079514,-86.61991976",0
902490396,2015-07-03,Weekday,1800,2-Car,No injury/unknown,FOLLOWING TOO CLOSELY,3RD & FRANKLIN,39.16464161,-86.56943706,"39.16464161,-86.56943706",6
902490428,2015-07-02,Weekday,2000,1-Car,Non-incapacitating,RAN OFF ROAD RIGHT,N THOMAS & W VERNAL,39.18904,-86.630096,"39.18904,-86.630096",0
902490496,2015-07-03,Weekday,2200,2-Car,Incapacitating,IMPROPER TURNING,GORDON & OLD SR 37,39.121552,-86.531296,"39.121552,-86.531296",0
902490583,2015-07-04,Weekday,900,2-Car,No injury/unknown,SPEED TOO FAST FOR WEATHER CONDITIONS,3RD & YANCY,39.16454774,-86.56949951,"39.16454774,-86.56949951",6
902490626,2015-07-04,Weekday,900,1-Car,No injury/unknown,RAN OFF ROAD RIGHT,HENDERSON & WINSLOW,39.13603999,-86.52687996,"39.13603999,-86.52687996",1
902490973,2015-07-04,Weekday,1600,3+ Cars,Incapacitating,FOLLOWING TOO CLOSELY,N WALNUT,39.250688,-86.529744,"39.250688,-86.529744",0
902491022,2015-07-04,Weekday,1500,2-Car,No injury/unknown,FOLLOWING TOO CLOSELY,SR37 & THAT,39.11570265,-86.56477235,"39.11570265,-86.56477235",0
902491110,2015-07-01,Weekend,900,2-Car,No injury/unknown,UNSAFE BACKING,NORTH JORDAN,39.16756821,-86.51656341,"39.16756821,-86.51656341",22
902491240,2015-07-03,Weekday,1300,2-Car,No injury/unknown,DRIVER DISTRACTED - EXPLAIN IN NARRATIVE,DUNCAN & SR45W,39.13485593,-86.59645375,"39.13485593,-86.59645375",0
902491428,2015-07-05,Weekday,600,2-Car,Incapacitating,IMPROPER TURNING,N COLLEGE & W 10TH,39.171744,-86.534768,"39.171744,-86.534768",39
902491518,2015-07-05,Weekday,1500,2-Car,No injury/unknown,DRIVER DISTRACTED - EXPLAIN IN NARRATIVE,FOX HOLLOW & SR37,39.28585088,-86.52030912,"39.28585088,-86.52030912",0
902491555,2015-07-05,Weekday,1500,2-Car,No injury/unknown,UNSAFE BACKING,MELVILLE & ROCK CREEK,39.17512626,-86.50022014,"39.17512626,-86.50022014",5
902491676,2015-07-05,Weekday,2300,3+ Cars,No injury/unknown,OVERCORRECTING/OVERSTEERING,10TH & N DUNN,39.17168,-86.528256,"39.17168,-86.528256",40
902491782,2015-07-06,Weekday,700,2-Car,No injury/unknown,FOLLOWING TOO CLOSELY,ALLEN & ROGERS,39.15559072,-86.53873702,"39.15559072,-86.53873702",39
902491794,2015-07-05,Weekday,1300,2-Car,No injury/unknown,OTHER (DRIVER) - EXPLAIN IN NARRATIVE,10TH & 45 46,39.17153031,-86.5023124,"39.17153031,-86.5023124",5
902491795,2015-07-06,Weekday,800,2-Car,No injury/unknown,FOLLOWING TOO CLOSELY,N OLD ST RD 37 & N WALNUT,39.18336019,-86.53415009,"39.18336019,-86.53415009",4
902495547,2015-08-03,Weekday,1200,2-Car,No injury/unknown,UNSAFE BACKING,CURRY,39.15783428,-86.58258341,"39.15783428,-86.58258341",4
902495548,2015-08-04,Weekday,700,2-Car,Non-incapacitating,FAILURE TO YIELD RIGHT OF WAY,LOUDEN & RATLIFF,39.21657228,-86.63986124,"39.21657228,-86.63986124",0
902495549,2015-08-05,Weekday,800,2-Car,Incapacitating,FAILURE TO YIELD RIGHT OF WAY,BERNICE & FAIRFAX,39.06714022,-86.50289389,"39.06714022,-86.50289389",0
902495594,2015-08-04,Weekday,1300,2-Car,No injury/unknown,UNSAFE LANE MOVEMENT,SOUTH OLD STATE ROAD 37,39.138688,-86.465968,"39.138688,-86.465968",0
902495694,2015-08-05,Weekday,1500,2-Car,No injury/unknown,OVERCORRECTING/OVERSTEERING,17TH & SR46W,39.18300777,-86.51149532,"39.18300777,-86.51149532",1
902495719,2015-08-05,Weekday,1500,2-Car,Non-incapacitating,FAILURE TO YIELD RIGHT OF WAY,S ADAMS & WOODHILL,39.15703967,-86.55060008,"39.15703967,-86.55060008",28
902495743,2015-08-05,Weekday,1600,1-Car,Incapacitating,OTHER (VEHICLE) - EXPLAIN IN NARRATIVE,S ROGERS,39.15933159,-86.538592,"39.15933159,-86.538592",41
902495780,2015-07-06,Weekend,1900,2-Car,Incapacitating,UNSAFE SPEED,S FAIRFAX ROAD,39.06371689,-86.49869537,"39.06371689,-86.49869537",0
902495787,2015-08-05,Weekday,1400,1-Car,No injury/unknown,RAN OFF ROAD RIGHT,S COUNTY LINE & W REEVES,39.24172799,-86.68410713,"39.24172799,-86.68410713",0
902495788,2015-08-05,Weekday,1600,1-Car,No injury/unknown,RAN OFF ROAD RIGHT,S CURRY & W GLEN OAKS,39.14464,-86.582592,"39.14464,-86.582592",1
902495790,2015-08-04,Weekday,1300,1-Car,No injury/unknown,RAN OFF ROAD RIGHT,ANDERSON & SHILO,39.2805071,-86.46300057,"39.2805071,-86.46300057",0
902495876,2015-08-05,Weekday,2200,1-Car,No injury/unknown,SPEED TOO FAST FOR WEATHER CONDITIONS,GOURLEY & SR37N,39.23940996,-86.551651,"39.23940996,-86.551651",0
902495893,2015-08-05,Weekday,1300,3+ Cars,No injury/unknown,PEDESTRIAN ACTION,E 3RD & PETE ELLIS,39.16424,-86.495088,"39.16424,-86.495088",6
902496017,2015-08-06,Weekday,800,Cyclist,Incapacitating,WRONG WAY ON ONE WAY,E HILLSIDE,39.170848,-86.503696,"39.170848,-86.503696",5
902496057,2015-08-06,Weekday,700,2-Car,Non-incapacitating,DISREGARD SIGNAL/REG SIGN,THIRD & WASHINGTON,39.16460015,-86.53235971,"39.16460015,-86.53235971",43
902496110,2015-08-06,Weekday,900,2-Car,No injury/unknown,OTHER (DRIVER) - EXPLAIN IN NARRATIVE,WEST 3RD,39.16464373,-86.58722028,"39.16464373,-86.58722028",3
902496278,2015-08-06,Weekday,1500,2-Car,No injury/unknown,UNSAFE BACKING,W BLOOMFIELD,39.15998862,-86.55307876,"39.15998862,-86.55307876",11
902496305,2015-08-06,Weekday,1600,2-Car,No injury/unknown,FOLLOWING TOO CLOSELY,E 10TH & UNION,39.171472,-86.509376,"39.171472,-86.509376",5
902496321,2015-08-06,Weekday,1700,2-Car,No injury/unknown,UNSAFE BACKING,JOHN HINKLE,39.16934431,-86.49170279,"39.16934431,-86.49170279",5
902496391,2015-08-06,Weekday,1300,2-Car,No injury/unknown,UNSAFE BACKING,S ROGERS,39.16061486,-86.538592,"39.16061486,-86.538592",43
902496774,2015-08-07,Weekend,300,3+ Cars,Non-incapacitating,RAN OFF ROAD RIGHT,1ST & FAIRFAX,39.079552,-86.513392,"39.079552,-86.513392",0
902496775,2015-08-07,Weekend,2300,1-Car,No injury/unknown,RAN OFF ROAD RIGHT,2ND & FAIRFAX,39.082144,-86.515488,"39.082144,-86.515488",0
902496800,2015-08-05,Weekday,600,2-Car,Incapacitating,DISREGARD SIGNAL/REG SIGN,SR37S & TAPP,39.13704,-86.572896,"39.13704,-86.572896",1
902496854,2015-08-01,Weekend,300,1-Car,No injury/unknown,RAN OFF ROAD RIGHT,SMITH PIKE & WOODYARD,39.29645022,-86.58307661,"39.29645022,-86.58307661",0
902496876,2015-08-01,Weekend,500,1-Car,No injury/unknown,RAN OFF ROAD RIGHT,MEADOWBROOK & PARK,39.165344,-86.484128,"39.165344,-86.484128",6
902496952,2015-08-01,Weekend,1000,3+ Cars,Incapacitating,FOLLOWING TOO CLOSELY,E SOUTHERN OAKS & S SARE,39.17414154,-86.50045731,"39.17414154,-86.50045731",5
902497098,2015-08-06,Weekday,1600,2-Car,No injury/unknown,OTHER LIGHTS DEFECTIVE,N LOESCH & W VERNAL,39.17920008,-86.59107425,"39.17920008,-86.59107425",2
902497109,2015-08-01,Weekend,0,2-Car,No injury/unknown,UNSAFE BACKING,E 6TH & N WASHINGTON,39.167664,-86.5324,"39.167664,-86.5324",42
902497206,2015-08-07,Weekend,2000,1-Car,No injury/unknown,UNSAFE BACKING,SR446S,39.135648,-86.462248,"39.135648,-86.462248",0
902497207,2015-08-01,Weekend,300,1-Car,No injury/unknown,RAN OFF ROAD RIGHT,SR37S,39.08384,-86.540768,"39.08384,-86.540768",0
902497208,2015-08-02,Weekday,100,1-Car,Non-incapacitating,ANIMAL/OBJECT IN ROADWAY,SR37S & WEST CHURCH,39.21290864,-86.53874969,"39.21290864,-86.53874969",0
902497370,2015-08-02,Weekday,700,Bus,No injury/unknown,OTHER (DRIVER) - EXPLAIN IN NARRATIVE,SR37 & SR45W,39.148144,-86.572992,"39.148144,-86.572992",1
902497750,2015-08-02,Weekday,1200,2-Car,No injury/unknown,DRIVER DISTRACTED - EXPLAIN IN NARRATIVE,S VICTOR,39.10649041,-86.55034722,"39.10649041,-86.55034722",0
902497927,2015-08-02,Weekday,1600,2-Car,No injury/unknown,FOLLOWING TOO CLOSELY,S COLLEGE & W 2ND,39.16144,-86.534848,"39.16144,-86.534848",42
902497937,2015-08-02,Weekday,1700,2-Car,Non-incapacitating,FOLLOWING TOO CLOSELY,3RD & COLLEGE,39.16464,-86.534816,"39.16464,-86.534816",42
902497943,2015-08-02,Weekday,1700,2-Car,No injury/unknown,UNSAFE BACKING,E 3RD,39.16423674,-86.49805388,"39.16423674,-86.49805388",5
902497994,2015-08-02,Weekday,1700,2-Car,No injury/unknown,FOLLOWING TOO CLOSELY,S COLLEGE & W 4TH,39.165664,-86.5348,"39.165664,-86.5348",42
902498022,2015-08-02,Weekday,1900,2-Car,No injury/unknown,DRIVER DISTRACTED - EXPLAIN IN NARRATIVE,OUTBACK & SR46W,39.2125206,-86.59179687,"39.2125206,-86.59179687",0
902498031,2015-08-02,Weekday,2000,2-Car,Non-incapacitating,FOLLOWING TOO CLOSELY,LIBERTY & WEST 3RD STREET,39.1381741,-86.57913006,"39.1381741,-86.57913006",1
902498215,2015-08-02,Weekday,600,Moped/Motorcycle,No injury/unknown,ANIMAL/OBJECT IN ROADWAY,FAIRFAX & SCOTT,39.0583653,-86.498432,"39.0583653,-86.498432",0
902498240,2015-07-04,Weekday,1300,2-Car,No injury/unknown,FAILURE TO YIELD RIGHT OF WAY,GRANT & SR46W,39.23836136,-86.62767791,"39.23836136,-86.62767791",1
902498265,2015-08-03,Weekday,1100,2-Car,No injury/unknown,IMPROPER TURNING,E 2ND,39.16144,-86.53076506,"39.16144,-86.53076506",43
902498470,2015-08-02,Weekday,1800,1-Car,Non-incapacitating,RAN OFF ROAD RIGHT,E SAMPLE & N OLD STATE ROAD 37,39.25864,-86.5012,"39.25864,-86.5012",0
902498510,2015-08-06,Weekday,1600,2-Car,Incapacitating,FAILURE TO YIELD RIGHT OF WAY,SOUTH KNIGHTRIDGE & SR446S,39.14420245,-86.46687098,"39.14420245,-86.46687098",0
902498576,2015-08-03,Weekday,1500,2-Car,No injury/unknown,FAILURE TO YIELD RIGHT OF WAY,SOUTH LEONARD SPRINGS & WEST STATE 45,39.142048,-86.582592,"39.142048,-86.582592",1
902498618,2015-08-02,Weekday,1900,1-Car,No injury/unknown,RAN OFF ROAD RIGHT,N PRAIRIE GREEN & SR45E,39.17421898,-86.4755783,"39.17421898,-86.4755783",1
902498633,2015-08-03,Weekday,2000,1-Car,No injury/unknown,RAN OFF ROAD RIGHT,W REBA & W WOODHAVEN,39.126048,-86.574192,"39.126048,-86.574192",0
902498634,2015-08-03,Weekday,1700,2-Car,No injury/unknown,FOLLOWING TOO CLOSELY,NORTH COLLEGE & WEST 10TH,39.171744,-86.534768,"39.171744,-86.534768",39
902498644,2015-07-06,Weekday,1700,2-Car,No injury/unknown,FOLLOWING TOO CLOSELY,PARK & TEMPERANCE,39.22935002,-86.61848008,"39.22935002,-86.61848008",1
902498650,2015-08-02,Weekday,2000,1-Car,No injury/unknown,RAN OFF ROAD RIGHT,GREENE COUNTY LINE & SR45W,39.10462952,-86.68258058,"39.10462952,-86.68258058",0
902498717,2015-08-03,Weekday,1000,2-Car,No injury/unknown,LEFT OF CENTER,BROOKWOOD & RIDGEWOOD,39.212016,-86.59872,"39.212016,-86.59872",0
902498878,2015-08-04,Weekday,800,1-Car,No injury/unknown,RAN OFF ROAD RIGHT,SR37N & VERNAL,39.17285105,-86.56762445,"39.17285105,-86.56762445",5
902499029,2015-08-04,Weekday,1200,2-Car,No injury/unknown,OTHER (DRIVER) - EXPLAIN IN NARRATIVE,N SMITH,39.172048,-86.4816,"39.172048,-86.4816",4
902499206,2015-08-04,Weekday,800,1-Car,No injury/unknown,UNSAFE BACKING,7TH & WOODLAWN,39.16864,-86.523392,"39.16864,-86.523392",42
902499395,2015-08-04,Weekday,1800,Bus,Non-incapacitating,FAILURE TO YIELD RIGHT OF WAY,CHAFFIN CHAPEL & SR46W,39.2620697,-86.65039825,"39.2620697,-86.65039825",0
902499511,2015-08-04,Weekday,1200,2-Car,No injury/unknown,OTHER (DRIVER) - EXPLAIN IN NARRATIVE,LIBERTY & SR45W,39.16043091,-86.57913927,"39.16043091,-86.57913927",4
902499692,2015-08-05,Weekday,1100,2-Car,Non-incapacitating,DRIVER DISTRACTED - EXPLAIN IN NARRATIVE,CLARIZZ & EAST THIRD,39.16424,-86.4908,"39.16424,-86.4908",6
902499836,2015-08-04,Weekday,1300,2-Car,No injury/unknown,FAILURE TO YIELD RIGHT OF WAY,LYNWEST & N UNION VALLEY,39.21584,-86.5928,"39.21584,-86.5928",0
902499967,2015-08-05,Weekday,1400,2-Car,No injury/unknown,FAILURE TO YIELD RIGHT OF WAY,SALE & SR46W,39.23384,-86.624704,"39.23384,-86.624704",1
902499987,2015-08-05,Weekday,1800,2-Car,No injury/unknown,IMPROPER PASSING,W 3RD,39.16460954,-86.58341825,"39.16460954,-86.58341825",5
902500024,2015-08-05,Weekday,1900,2-Car,No injury/unknown,DISREGARD SIGNAL/REG SIGN,OLD SR 37 & W CHURCH LANE,39.107248,-86.531392,"39.107248,-86.531392",0
902500042,2015-08-05,Weekday,1700,2-Car,Incapacitating,FOLLOWING TOO CLOSELY,SOUTH CURRY & WEST 3RD,39.16463971,-86.58290271,"39.16463971,-86.58290271",5
902500044,2015-08-07,Weekend,2300,2-Car,No injury/unknown,UNSAFE BACKING,WOODHAVEN & YELLOWSTONE,39.128048,-86.577664,"39.128048,-86.577664",0
902500214,2015-08-07,Weekend,700,2-Car,Incapacitating,LEFT OF CENTER,OLD ST 37 & W HOBART,39.01368968,-86.5409537,"39.01368968,-86.5409537",0
902500415,2015-08-06,Weekday,1300,2-Car,Incapacitating,DISREGARD SIGNAL/REG SIGN,1ST & HENDERSON,39.15932022,-86.52714014,"39.15932022,-86.52714014",41
902500416,2015-08-06,Weekday,1400,2-Car,No injury/unknown,FAILURE TO YIELD RIGHT OF WAY,JACOB & S GATES,39.16562006,-86.57599993,"39.16562006,-86.57599993",5
902500506,2015-08-06,Weekday,1500,2-Car,No injury/unknown,FAILURE TO YIELD RIGHT OF WAY,GRAHAM & HENDERSON,39.13943969,-86.52692019,"39.13943969,-86.52692019",1
902500659,2015-08-07,Weekend,0,1-Car,Non-incapacitating,ANIMAL/OBJECT IN ROADWAY,N WOODALL & W WOODLAND,39.28072,-86.583408,"39.28072,-86.583408",0
902500708,2015-08-06,Weekday,900,2-Car,No injury/unknown,OTHER (DRIVER) - EXPLAIN IN NARRATIVE,7TH & INDIANA,39.16864,-86.526944,"39.16864,-86.526944",42
902500740,2015-08-06,Weekday,500,2-Car,Incapacitating,FAILURE TO YIELD RIGHT OF WAY,GATES & SR48W,39.16458572,-86.57619213,"39.16458572,-86.57619213",5
902500741,2015-08-07,Weekend,900,2-Car,No injury/unknown,UNSAFE BACKING,FAIRVIEW & KIRKWOOD,39.16649801,-86.5408,"39.16649801,-86.5408",43
902500768,2015-08-07,Weekend,1000,2-Car,No injury/unknown,DISREGARD SIGNAL/REG SIGN,3RD & INDIANA,39.164448,-86.5268,"39.164448,-86.5268",43
902500857,2015-08-07,Weekend,1500,2-Car,No injury/unknown,IMPROPER TURNING,14TH & NORTH WALNUT,39.175952,-86.53344,"39.175952,-86.53344",39
902500862,2015-08-07,Weekend,1500,Bus,No injury/unknown,UNSAFE BACKING,EAST 7TH,39.1684337,-86.52330391,"39.1684337,-86.52330391",42
902500895,2015-08-07,Weekend,2100,2-Car,No injury/unknown,IMPROPER TURNING,E 3RD,39.16424,-86.49425989,"39.16424,-86.49425989",6
902500902,2015-08-01,Weekend,100,1-Car,Non-incapacitating,RAN OFF ROAD RIGHT,DRISCOLL & S WALNUT,39.1524598,-86.53370015,"39.1524598,-86.53370015",10
902500910,2015-08-06,Weekday,1700,2-Car,Non-incapacitating,DRIVER DISTRACTED - EXPLAIN IN NARRATIVE,SR37S & W TAPP,39.13704,-86.572896,"39.13704,-86.572896",1
902500911,2015-08-06,Weekend,2100,2-Car,No injury/unknown,UNSAFE SPEED,N CURRY & SR46W,39.19377136,-86.5711975,"39.19377136,-86.5711975",0
902500918,2015-08-03,Weekday,1300,2-Car,No injury/unknown,FAILURE TO YIELD RIGHT OF WAY,SR37N & WHISNAND,39.23262822,-86.53192901,"39.23262822,-86.53192901",0
902500959,2015-08-01,Weekend,900,2-Car,No injury/unknown,IMPROPER LANE USAGE,E 2ND & PARK,39.16144,-86.523952,"39.16144,-86.523952",43
902501000,2015-08-01,Weekend,1200,2-Car,Incapacitating,FOLLOWING TOO CLOSELY,7TH & SR46E,39.167648,-86.500096,"39.167648,-86.500096",6
902501023,2015-08-06,Weekday,1400,2-Car,No injury/unknown,UNSAFE BACKING,3RD,39.164728,-86.57239,"39.164728,-86.57239",5
902501028,2015-08-01,Weekend,1200,2-Car,No injury/unknown,DRIVER DISTRACTED - EXPLAIN IN NARRATIVE,GORDON & OLD STATE ROAD 37,39.121552,-86.531296,"39.121552,-86.531296",0
902501041,2015-08-01,Weekend,1200,2-Car,No injury/unknown,FOLLOWING TOO CLOSELY,DUNN & SR46W,39.186352,-86.528496,"39.186352,-86.528496",3
902501050,2015-08-01,Weekend,1400,2-Car,No injury/unknown,SPEED TOO FAST FOR WEATHER CONDITIONS,7TH & JORDAN,39.168944,-86.516016,"39.168944,-86.516016",18
902501061,2015-08-01,Weekend,1200,1-Car,Non-incapacitating,RAN OFF ROAD RIGHT,RATLIFF & THOMAS,38.8975569,-86.63040988,"38.8975569,-86.63040988",0
902501069,2015-08-01,Weekend,1300,1-Car,No injury/unknown,SPEED TOO FAST FOR WEATHER CONDITIONS,LANAM & RUSSELL,39.1946999,-86.48918741,"39.1946999,-86.48918741",0
902501119,2015-08-07,Weekend,2000,2-Car,No injury/unknown,FOLLOWING TOO CLOSELY,3RD & N WALNUT,39.16464,-86.5336,"39.16464,-86.5336",42
902501150,2015-08-01,Weekend,1700,2-Car,No injury/unknown,FAILURE TO YIELD RIGHT OF WAY,10TH & GRANT,39.171696,-86.529696,"39.171696,-86.529696",40
902501171,2015-08-01,Weekday,1900,2-Car,Non-incapacitating,FAILURE TO YIELD RIGHT OF WAY,EAST 10TH & PETE ELLIS,39.171504,-86.495312,"39.171504,-86.495312",5
902501189,2015-08-01,Weekend,1700,2-Car,No injury/unknown,FAILURE TO YIELD RIGHT OF WAY,3RD & WALNUT,39.16464,-86.5336,"39.16464,-86.5336",42
902501201,2015-08-01,Weekend,1300,2-Car,Non-incapacitating,FOLLOWING TOO CLOSELY,3RD & HIGH,39.164352,-86.508288,"39.164352,-86.508288",6
902501216,2015-08-01,Weekday,1900,1-Car,No injury/unknown,RAN OFF ROAD RIGHT,8TH & ROGERS,39.169584,-86.538576,"39.169584,-86.538576",42
902501273,2015-08-01,Weekday,2100,2-Car,No injury/unknown,FOLLOWING TOO CLOSELY,FRITZ & N WALNUT,39.191248,-86.532896,"39.191248,-86.532896",1
902501296,2015-08-01,Weekday,2100,3+ Cars,Incapacitating,FAILURE TO YIELD RIGHT OF WAY,SR37S & TAPP,39.13704,-86.572896,"39.13704,-86.572896",1
902501355,2015-08-01,Weekend,1300,2-Car,No injury/unknown,FOLLOWING TOO CLOSELY,10TH & SR46E,39.171648,-86.502096,"39.171648,-86.502096",5
902501436,2015-08-02,Weekday,800,2-Car,No injury/unknown,OTHER (VEHICLE) - EXPLAIN IN NARRATIVE,E 3RD,39.16424,-86.49224392,"39.16424,-86.49224392",6
902501513,2015-08-02,Weekday,1000,2-Car,Non-incapacitating,FAILURE TO YIELD RIGHT OF WAY,6TH & ROGERS,39.16768,-86.538592,"39.16768,-86.538592",42
902501670,2015-08-02,Weekday,900,1-Car,No injury/unknown,RAN OFF ROAD RIGHT,S COLLEGE,39.16115717,-86.53485253,"39.16115717,-86.53485253",42