Master Record Number,Date,Weekend?,Hour,Collision Type,Injury Type,Primary Factor,Reported_Location,Latitude,Longitude,Location,Number of Bars
902537674,2015-10-02,Weekday,1500,2-Car,No injury/unknown,FOLLOWING TOO CLOSELY,N DANIELS & ZENITH,39.17015031,-86.59829981,"39.17015031,-86.59829981",2
902537688,2015-10-02,Weekday,2000,3+ Cars,No injury/unknown,FOLLOWING TOO CLOSELY,10TH & WOODLAWN,39.1716399,-86.52406517,"39.1716399,-86.52406517",40
902537698,2015-10-02,Weekday,1700,2-Car,No injury/unknown,IMPROPER TURNING,N FEE,39.17250261,-86.51898354,"39.17250261,-86.51898354",36
902537726,2015-10-02,Weekday,1700,Moped/Motorcycle,Incapacitating,FOLLOWING TOO CLOSELY,S COLLEGE & W 1ST,39.17688,-86.534736,"39.17688,-86.534736",39
902537952,2015-10-01,Weekend,0,2-Car,No injury/unknown,TIRE FAILURE OR DEFECTIVE,SR37 & SR45,39.18466483,-86.55597698,"39.18466483,-86.55597698",1
902538092,2015-10-03,Weekday,1100,Moped/Motorcycle,No injury/unknown,OTHER (DRIVER) - EXPLAIN IN NARRATIVE,ABBY & WINSLOW,39.136144,-86.51023799,"39.136144,-86.51023799",2
902538188,2015-10-03,Weekday,1300,2-Car,No injury/unknown,UNSAFE LANE MOVEMENT,ATWATER & JORDAN,39.16304983,-86.51638595,"39.16304983,-86.51638595",20
902538189,2015-10-03,Weekday,1300,Pedestrian,Incapacitating,FAILURE TO YIELD RIGHT OF WAY,FOURTH & INDIANA,39.16555032,-86.52691014,"39.16555032,-86.52691014",43
902538321,2015-10-03,Weekday,1600,2-Car,Non-incapacitating,FAILURE TO YIELD RIGHT OF WAY,EAST 3RD & PARK RIDGE,39.16424,-86.476096,"39.16424,-86.476096",1
902538350,2015-10-03,Weekday,1800,2-Car,No injury/unknown,UNSAFE LANE MOVEMENT,CAPITOL & SR46W,39.22377014,-86.60883578,"39.22377014,-86.60883578",1
902538414,2015-10-02,Weekday,1500,2-Car,No injury/unknown,FAILURE TO YIELD RIGHT OF WAY,S STRAIN RIDGE,39.07112,-86.507008,"39.07112,-86.507008",0
902538415,2015-10-02,Weekday,1600,2-Car,Incapacitating,FOLLOWING TOO CLOSELY,E SCHACHT & S FAIRFAX,39.10704,-86.523488,"39.10704,-86.523488",0
902538420,2015-10-03,Weekday,2000,2-Car,Non-incapacitating,FOLLOWING TOO CLOSELY,EAST 2ND & WOODSCREST,39.16092016,-86.50244973,"39.16092016,-86.50244973",7
902538424,2015-10-03,Weekday,1500,2-Car,No injury/unknown,FOLLOWING TOO CLOSELY,N PRAIRIE GREEN & SR45E,39.17950821,-86.4755809,"39.17950821,-86.4755809",0
902538439,2015-10-03,Weekday,1700,Pedestrian,Incapacitating,FAILURE TO YIELD RIGHT OF WAY,LEONARD SPRINGS & W ST RD 45,39.13138191,-86.58259011,"39.13138191,-86.58259011",0
902538466,2015-10-03,Weekday,2100,Pedestrian,Non-incapacitating,HEADLIGHT DEFECTIVE OR NOT ON,4TH & GRANT,39.165648,-86.529712,"39.165648,-86.529712",43
902538480,2015-10-03,Weekday,1800,2-Car,Non-incapacitating,UNSAFE LANE MOVEMENT,3RD & PATTERSON,39.16344009,-86.55128002,"39.16344009,-86.55128002",24
902538542,2015-10-04,Weekday,2300,3+ Cars,No injury/unknown,OTHER (DRIVER) - EXPLAIN IN NARRATIVE,PECAN & SOUTH OAKDALE,39.14676011,-86.57113976,"39.14676011,-86.57113976",1
902538761,2015-10-04,Weekday,1100,2-Car,No injury/unknown,IMPROPER TURNING,W KIRKWOOD,39.166832,-86.550992,"39.166832,-86.550992",27
902538816,2015-10-04,Weekday,1200,2-Car,No injury/unknown,FAILURE TO YIELD RIGHT OF WAY,LANDMARK & W 3RD,39.16442983,-86.55630983,"39.16442983,-86.55630983",5
902538892,2015-10-04,Weekday,1200,1-Car,No injury/unknown,UNSAFE LANE MOVEMENT,SR37N,39.23886381,-86.5381848,"39.23886381,-86.5381848",0
902538955,2015-10-04,Weekday,1500,2-Car,Non-incapacitating,FAILURE TO YIELD RIGHT OF WAY,E 6TH & N WASHINGTON,39.167664,-86.5324,"39.167664,-86.5324",42
902538957,2015-10-04,Weekday,1500,3+ Cars,No injury/unknown,FOLLOWING TOO CLOSELY,SUNNY SLOPES & WALNUT STREET,39.13264,-86.526688,"39.13264,-86.526688",1
902538994,2015-10-03,Weekday,1800,1-Car,No injury/unknown,RAN OFF ROAD RIGHT,E BETHEL & N HINKLE,39.212848,-86.505392,"39.212848,-86.505392",0
902539005,2015-10-04,Weekday,1200,Bus,No injury/unknown,OTHER (DRIVER) - EXPLAIN IN NARRATIVE,S PARK SQUARE,39.15704,-86.591696,"39.15704,-86.591696",2
902539075,2015-10-04,Weekday,1700,3+ Cars,Non-incapacitating,FAILURE TO YIELD RIGHT OF WAY,GATES & W 3RD,39.16459009,-86.57619975,"39.16459009,-86.57619975",5
902539080,2015-10-03,Weekday,1800,3+ Cars,Incapacitating,FOLLOWING TOO CLOSELY,SR45W & WEST AIRPORT,39.136848,-86.593792,"39.136848,-86.593792",1
902539084,2015-10-04,Weekday,1600,1-Car,No injury/unknown,RAN OFF ROAD RIGHT,E SOUTHSHORE & N BEACHWOOD,39.25160255,-86.40991291,"39.25160255,-86.40991291",1
902539112,2015-10-04,Weekday,2000,2-Car,No injury/unknown,UNSAFE BACKING,E 3RD,39.16424,-86.51605714,"39.16424,-86.51605714",19
902539118,2015-10-03,Weekday,2100,2-Car,No injury/unknown,,S LIBERTY,39.145264,-86.577616,"39.145264,-86.577616",1
902539141,2015-10-04,Weekday,1400,2-Car,Non-incapacitating,FAILURE TO YIELD RIGHT OF WAY,SALE & VINE,39.2345848,-86.62382304,"39.2345848,-86.62382304",1
902539217,2015-10-05,Weekday,500,1-Car,No injury/unknown,ANIMAL/OBJECT IN ROADWAY,KINSER & SR37N,39.22007951,-86.55078479,"39.22007951,-86.55078479",0
902539481,2015-10-05,Weekday,1200,2-Car,No injury/unknown,OTHER (DRIVER) - EXPLAIN IN NARRATIVE,MILLER & WALNUT,39.146944,-86.532544,"39.146944,-86.532544",4
902539677,2015-10-05,Weekday,1500,1-Car,No injury/unknown,OTHER (DRIVER) - EXPLAIN IN NARRATIVE,S EDGEWOOD,39.23539102,-86.63945697,"39.23539102,-86.63945697",1
902539787,2015-10-05,Weekday,1600,2-Car,No injury/unknown,FAILURE TO YIELD RIGHT OF WAY,KIRKWOOD & ROGERS,39.166672,-86.538608,"39.166672,-86.538608",43
902539837,2015-10-05,Weekday,1500,2-Car,Incapacitating,FAILURE TO YIELD RIGHT OF WAY,CURRY & ROLL,39.14771374,-86.58262082,"39.14771374,-86.58262082",1
902539851,2015-10-05,Weekday,2100,2-Car,No injury/unknown,DRIVER DISTRACTED - EXPLAIN IN NARRATIVE,TENTH & WOODLAWN,39.17164028,-86.52349971,"39.17164028,-86.52349971",40
902539948,2015-10-06,Weekday,0,2-Car,Incapacitating,IMPROPER LANE USAGE,E 10TH,39.176848,-86.478192,"39.176848,-86.478192",1
902539962,2015-10-05,Weekday,2300,1-Car,Non-incapacitating,UNSAFE SPEED,E KIRKWOOD & S DUNN,39.16664,-86.528192,"39.16664,-86.528192",43
902539982,2015-10-05,Weekday,1300,2-Car,No injury/unknown,FOLLOWING TOO CLOSELY,SR37S & SR45W,39.148144,-86.572992,"39.148144,-86.572992",1
902540003,2015-10-05,Weekday,800,2-Car,No injury/unknown,VIEW OBSTRUCTED,KINSER & SKYLINE,39.19074989,-86.53772024,"39.19074989,-86.53772024",1
902540064,2015-10-02,Weekday,1300,2-Car,No injury/unknown,FOLLOWING TOO CLOSELY,SMITH & SR46W,39.210144,-86.5832,"39.210144,-86.5832",0
902540116,2015-09-04,Weekday,1300,2-Car,No injury/unknown,UNSAFE BACKING,3RD,39.16464,-86.56905455,"39.16464,-86.56905455",6
902540206,2015-10-06,Weekday,1100,2-Car,No injury/unknown,UNSAFE BACKING,E WOODBINE,39.15596771,-86.50253295,"39.15596771,-86.50253295",6
902540268,2015-10-06,Weekday,1200,2-Car,No injury/unknown,DISREGARD SIGNAL/REG SIGN,COTTAGE GROVE & WOODLAWN,39.17264,-86.523584,"39.17264,-86.523584",40
902540281,2015-10-06,Weekday,1200,1-Car,Non-incapacitating,RAN OFF ROAD RIGHT,N WALNUT & SR 45 46,39.186368,-86.5344,"39.186368,-86.5344",3
902540330,2015-10-06,Weekday,1100,Cyclist,Non-incapacitating,FAILURE TO YIELD RIGHT OF WAY,7TH & JORDAN,39.16916292,-86.51599183,"39.16916292,-86.51599183",18
902540449,2015-10-06,Weekday,1700,2-Car,No injury/unknown,FOLLOWING TOO CLOSELY,E 17TH & SR4546E,39.17984,-86.507088,"39.17984,-86.507088",1
902540450,2015-10-06,Weekend,2000,1-Car,No injury/unknown,ANIMAL/OBJECT IN ROADWAY,GIFFORD & KIRBY,39.15555954,-86.61056157,"39.15555954,-86.61056157",0
902540463,2015-10-06,Weekday,1500,3+ Cars,No injury/unknown,FOLLOWING TOO CLOSELY,S HICKORY & SR45W,39.16249847,-86.58585357,"39.16249847,-86.58585357",4
902540528,2015-10-06,Weekend,2100,2-Car,No injury/unknown,FOLLOWING TOO CLOSELY,2ND & WALKER,39.16142978,-86.54614023,"39.16142978,-86.54614023",36
902540575,2015-10-03,Weekday,2100,2-Car,Incapacitating,FAILURE TO YIELD RIGHT OF WAY,3RD,39.164752,-86.573104,"39.164752,-86.573104",5
902540583,2015-10-06,Weekday,1000,2-Car,No injury/unknown,FAILURE TO YIELD RIGHT OF WAY,COUNTRY CLUB & WALNUT,39.13597025,-86.5311098,"39.13597025,-86.5311098",1
902540623,2015-10-06,Weekday,1100,2-Car,No injury/unknown,BRAKE FAILURE OR DEFECTIVE,OLD SR 37 & WALNUT,39.20704,-86.534704,"39.20704,-86.534704",0
902540674,2015-10-07,Weekend,1000,2-Car,Non-incapacitating,DISREGARD SIGNAL/REG SIGN,1ST & S WASHINGTON,39.159344,-86.5324,"39.159344,-86.5324",41
902540698,2015-10-05,Weekday,1300,2-Car,No injury/unknown,DRIVER DISTRACTED - EXPLAIN IN NARRATIVE,HARTSTRAIT & STATE ROAD 48,39.16494012,-86.61103025,"39.16494012,-86.61103025",0
902540715,2015-10-07,Weekend,1100,2-Car,No injury/unknown,FAILURE TO YIELD RIGHT OF WAY,N WILLIS & WESTFIELD,39.18056,-86.543968,"39.18056,-86.543968",19
902540727,2015-10-06,Weekend,2100,2-Car,No injury/unknown,FOLLOWING TOO CLOSELY,S COLLEGE & W 3RD,39.16464,-86.534816,"39.16464,-86.534816",42
902540750,2015-10-07,Weekend,1400,2-Car,No injury/unknown,UNSAFE BACKING,W 2ND,39.16153611,-86.53976784,"39.16153611,-86.53976784",43
902540769,2015-10-06,Weekday,1800,2-Car,No injury/unknown,UNSAFE BACKING,CASSANDRA & LEONARD SPRINGS,39.122288,-86.610608,"39.122288,-86.610608",0
902540770,2015-10-06,Weekend,2000,1-Car,Incapacitating,RAN OFF ROAD RIGHT,BIRDIE GALYAN & SR46E,39.162656,-86.413296,"39.162656,-86.413296",0
902540836,2015-10-07,Weekend,1700,2-Car,Non-incapacitating,FAILURE TO YIELD RIGHT OF WAY,S COLLEGE MALL,39.16291428,-86.49874114,"39.16291428,-86.49874114",7
902540856,2015-10-07,Weekend,1500,Pedestrian,Non-incapacitating,PEDESTRIAN ACTION,E 18TH & N DUNN,39.180352,-86.5284,"39.180352,-86.5284",25
902540871,2015-10-07,Weekend,1700,2-Car,Non-incapacitating,FOLLOWING TOO CLOSELY,E 10TH & N FORREST,39.17163022,-86.52237989,"39.17163022,-86.52237989",39
902540890,2015-10-07,Weekend,2000,2-Car,No injury/unknown,UNSAFE BACKING,S INDIANA,39.16550106,-86.52684212,"39.16550106,-86.52684212",43
902540984,2015-10-01,Weekend,300,1-Car,No injury/unknown,RAN OFF ROAD RIGHT,KIRKWOOD & OAK,39.1667878,-86.54715279,"39.1667878,-86.54715279",34
902541089,2015-10-03,Weekday,700,2-Car,No injury/unknown,UNSAFE LANE MOVEMENT,FOREST PARK & SMITH,39.20841866,-86.5832,"39.20841866,-86.5832",0
902541137,2015-10-07,Weekend,1400,2-Car,No injury/unknown,UNSAFE LANE MOVEMENT,E 3RD & S SWAIN,39.16424,-86.5152,"39.16424,-86.5152",12
902541151,2015-10-01,Weekend,1300,2-Car,No injury/unknown,FAILURE TO YIELD RIGHT OF WAY,BURKS & WALNUT,39.14251599,-86.53136998,"39.14251599,-86.53136998",2
902541175,2015-10-05,Weekday,1800,1-Car,Incapacitating,RAN OFF ROAD RIGHT,SR46W & STINESVILLE,39.26321863,-86.66150699,"39.26321863,-86.66150699",0
902541198,2015-10-01,Weekend,1200,2-Car,No injury/unknown,IMPROPER TURNING,15TH & NORTH WALNUT,39.176848,-86.533424,"39.176848,-86.533424",39
902541248,2015-10-01,Weekend,1800,Pedestrian,Non-incapacitating,DISREGARD SIGNAL/REG SIGN,KIRKWOOD & WASHINGTON,39.16664,-86.5324,"39.16664,-86.5324",43
902541278,2015-10-01,Weekday,1900,2-Car,Non-incapacitating,FAILURE TO YIELD RIGHT OF WAY,CORY & WEST 3RD,39.164544,-86.560096,"39.164544,-86.560096",4
902541307,2015-10-01,Weekend,1800,2-Car,No injury/unknown,FAILURE TO YIELD RIGHT OF WAY,6TH & INDIANA,39.1677418,-86.52710439,"39.1677418,-86.52710439",42
902541308,2015-10-01,Weekend,1600,2-Car,No injury/unknown,FAILURE TO YIELD RIGHT OF WAY,E 3RD & KINGSTON,39.16424,-86.492944,"39.16424,-86.492944",6
902541531,2015-10-01,Weekend,900,2-Car,Non-incapacitating,FOLLOWING TOO CLOSELY,LEE PAUL & SR37N,39.29453839,-86.522789,"39.29453839,-86.522789",0
902541557,2015-10-01,Weekend,1300,1-Car,No injury/unknown,ANIMAL/OBJECT IN ROADWAY,HARRELL ROAD & RHORER ROAD,39.121808,-86.498784,"39.121808,-86.498784",0
902541577,2015-10-01,Weekend,1200,1-Car,Non-incapacitating,RAN OFF ROAD RIGHT,GENTRY & SR446S,39.16089693,-86.47150404,"39.16089693,-86.47150404",1
902541798,2015-10-05,Weekday,1200,2-Car,No injury/unknown,UNSAFE BACKING,S FESS,39.17058971,-86.52572931,"39.17058971,-86.52572931",40
902542144,2015-10-02,Weekday,1600,2-Car,No injury/unknown,DRIVER DISTRACTED - EXPLAIN IN NARRATIVE,SR37 & VERNAL,39.17662048,-86.56252288,"39.17662048,-86.56252288",3
902542163,2015-10-02,Weekday,1600,Pedestrian,Incapacitating,FAILURE TO YIELD RIGHT OF WAY,E JONES & JORDAN,39.16540012,-86.51640996,"39.16540012,-86.51640996",19
902542211,2015-10-07,Weekend,1500,1-Car,No injury/unknown,OVERCORRECTING/OVERSTEERING,THOMAS & VERNAL,39.18744714,-86.62606934,"39.18744714,-86.62606934",0
902542212,2015-10-07,Weekend,1900,2-Car,No injury/unknown,ANIMAL/OBJECT IN ROADWAY,ELLIS & SR37N,39.02283151,-86.53290599,"39.02283151,-86.53290599",0
902542213,2015-10-01,Weekend,1500,2-Car,No injury/unknown,OVERCORRECTING/OVERSTEERING,CARMOLA & N SMITH,39.204448,-86.583168,"39.204448,-86.583168",0
902542214,2015-10-02,Weekday,1700,2-Car,No injury/unknown,FOLLOWING TOO CLOSELY,CURRY & WOODYARD,39.190672,-86.582992,"39.190672,-86.582992",0
902542259,2015-10-02,Weekday,2000,3+ Cars,Non-incapacitating,FOLLOWING TOO CLOSELY,SOUTH CURRY & SR45W,39.142048,-86.582592,"39.142048,-86.582592",1
902542274,2015-10-02,Weekday,1900,2-Car,No injury/unknown,FAILURE TO YIELD RIGHT OF WAY,EAST 5TH & NORTH CLARK,39.16681029,-86.50497972,"39.16681029,-86.50497972",6
902542349,2015-10-01,Weekend,1200,2-Car,No injury/unknown,,E KIRKWOOD,39.16664,-86.52932767,"39.16664,-86.52932767",43
902542351,2015-10-01,Weekend,0,1-Car,No injury/unknown,ANIMAL/OBJECT IN ROADWAY,ACUFF & SR37N,39.20686675,-86.55469409,"39.20686675,-86.55469409",0
902542352,2015-10-01,Weekend,500,1-Car,No injury/unknown,OTHER (DRIVER) - EXPLAIN IN NARRATIVE,SR446S & WALDRIP CREEK,39.58625592,-86.42356109,"39.58625592,-86.42356109",0
902542662,2015-10-03,Weekday,1200,2-Car,No injury/unknown,FAILURE TO YIELD RIGHT OF WAY,3RD & LIBERTY,39.14874854,-86.57913006,"39.14874854,-86.57913006",1
902542929,2015-10-03,Weekday,1700,2-Car,No injury/unknown,UNSAFE LANE MOVEMENT,N JORDAN,39.18081529,-86.511088,"39.18081529,-86.511088",1
902542975,2015-10-03,Weekday,1700,2-Car,No injury/unknown,OTHER (ENVIRONMENTAL) - EXPLAIN IN NARR,PROFILE,39.1696474,-86.59230642,"39.1696474,-86.59230642",2
902542977,2015-10-03,Weekday,100,2-Car,No injury/unknown,OTHER (DRIVER) - EXPLAIN IN NARRATIVE,EAST WATERSEDGE,39.02558899,-86.50688934,"39.02558899,-86.50688934",3
902543021,2015-10-02,Weekday,1500,2-Car,Incapacitating,UNSAFE SPEED,N HARTSTRAIT & W VERNAL,39.18676995,-86.6112703,"39.18676995,-86.6112703",0
902543044,2015-10-03,Weekday,2200,2-Car,No injury/unknown,UNSAFE BACKING,S FRANKLIN,39.166496,-86.571216,"39.166496,-86.571216",5
902543115,2015-10-04,Weekday,300,1-Car,No injury/unknown,DRIVER ASLEEP OR FATIGUED,E MOORES & S SARE,39.04475397,-86.49918012,"39.04475397,-86.49918012",3
902543173,2015-10-03,Weekday,1300,1-Car,Incapacitating,OTHER (DRIVER) - EXPLAIN IN NARRATIVE,N KINSER PILE,39.206688,-86.547456,"39.206688,-86.547456",0
902543276,2015-10-03,Weekday,1300,2-Car,No injury/unknown,FAILURE TO YIELD RIGHT OF WAY,N ROGERS & W 11TH,39.173184,-86.538528,"39.173184,-86.538528",40
902543289,2015-10-04,Weekday,1000,Cyclist,Non-incapacitating,WRONG WAY ON ONE WAY,14TH & N WALNUT,39.175952,-86.53344,"39.175952,-86.53344",39
902543344,2015-10-04,Weekday,1100,2-Car,No injury/unknown,FAILURE TO YIELD RIGHT OF WAY,E MAXWELL & S WOODLAWN,39.15781014,-86.52264006,"39.15781014,-86.52264006",40
902543434,2015-10-07,Weekend,1800,2-Car,No injury/unknown,FAILURE TO YIELD RIGHT OF WAY,DUNN & SR45,39.18635204,-86.52602555,"39.18635204,-86.52602555",3
902543522,2015-10-04,Weekday,1600,1-Car,Non-incapacitating,OTHER (ENVIRONMENTAL) - EXPLAIN IN NARR,DUNN & SR37N,39.17863846,-86.52835845,"39.17863846,-86.52835845",39
902543529,2015-10-04,Weekday,1600,2-Car,No injury/unknown,FOLLOWING TOO CLOSELY,ATWATER & PARK,39.1631179,-86.52403492,"39.1631179,-86.52403492",43
902543550,2015-10-03,Weekday,2100,2-Car,No injury/unknown,FOLLOWING TOO CLOSELY,17TH & INDIANA,39.179024,-86.5272,"39.179024,-86.5272",34
902543585,2015-10-04,Weekday,1600,2-Car,No injury/unknown,FOLLOWING TOO CLOSELY,SOUTH LANDMARK & WEST 3RD,39.16442983,-86.55630983,"39.16442983,-86.55630983",5
902543592,2015-10-04,Weekday,1700,2-Car,No injury/unknown,FAILURE TO YIELD RIGHT OF WAY,8TH & JEFFERSON,39.169552,-86.507056,"39.169552,-86.507056",5
902543633,2015-10-04,Weekday,2000,2-Car,Non-incapacitating,FOLLOWING TOO CLOSELY,ATWATER & HENDERSON,39.16313969,-86.52727022,"39.16313969,-86.52727022",43
902543636,2015-10-04,Weekday,1600,2-Car,No injury/unknown,FOLLOWING TOO CLOSELY,CORY & WEST 3RD,39.164544,-86.560096,"39.164544,-86.560096",4
902543643,2015-10-04,Weekday,2000,2-Car,No injury/unknown,FAILURE TO YIELD RIGHT OF WAY,FEE & LAW,39.174048,-86.518896,"39.174048,-86.518896",36
902543656,2015-10-04,Weekday,2200,1-Car,No injury/unknown,ANIMAL/OBJECT IN ROADWAY,S STANFORD & W ELWREN,39.10824,-86.666192,"39.10824,-86.666192",0
902543677,2015-10-04,Weekday,2200,2-Car,No injury/unknown,DRIVER DISTRACTED - EXPLAIN IN NARRATIVE,W VERNAL,39.179248,-86.58292,"39.179248,-86.58292",4
902543832,2015-10-03,Weekday,1300,2-Car,Incapacitating,DISREGARD SIGNAL/REG SIGN,SR37S & SR46E,39.194144,-86.554592,"39.194144,-86.554592",0
902543858,2015-10-05,Weekday,700,Bus,Incapacitating,FOLLOWING TOO CLOSELY,2876 S WALNUT & PINEWOOD,39.1526518,-86.53142587,"39.1526518,-86.53142587",11
902543992,2015-10-05,Weekday,1100,2-Car,No injury/unknown,UNSAFE LANE MOVEMENT,E 3RD & N WALNUT,39.16464,-86.5336,"39.16464,-86.5336",42
902543998,2015-10-05,Weekday,1000,2-Car,No injury/unknown,FAILURE TO YIELD RIGHT OF WAY,W CASCADE & W GOURLEY,39.1852,-86.541952,"39.1852,-86.541952",3
902543999,2015-10-05,Weekday,1200,2-Car,No injury/unknown,OTHER (DRIVER) - EXPLAIN IN NARRATIVE,1ST & WALNUT,39.159344,-86.5336,"39.159344,-86.5336",40
902544040,2015-10-05,Weekday,1200,Pedestrian,Incapacitating,DISREGARD SIGNAL/REG SIGN,S FAIRVIEW & W 4TH,39.165712,-86.5408,"39.165712,-86.5408",43
902544072,2015-10-04,Weekday,1600,2-Car,No injury/unknown,UNSAFE BACKING,W WYLIE,39.15944,-86.55776914,"39.15944,-86.55776914",4
902544080,2015-10-04,Weekday,1700,Moped/Motorcycle,No injury/unknown,UNSAFE SPEED,SMITH & SR46W,39.210144,-86.5832,"39.210144,-86.5832",0
902544228,2015-10-05,Weekday,1700,2-Car,No injury/unknown,FAILURE TO YIELD RIGHT OF WAY,SIMPSON CHAPEL & SR37N,39.26616,-86.522752,"39.26616,-86.522752",0
902544237,2015-10-05,Weekday,1700,1-Car,No injury/unknown,ANIMAL/OBJECT IN ROADWAY,S OLD STATE ROAD 37 & S ROGERS,39.099408,-86.537904,"39.099408,-86.537904",0
902544305,2015-10-04,Weekday,2300,1-Car,No injury/unknown,DRIVER DISTRACTED - EXPLAIN IN NARRATIVE,2ND & WOODCREST,39.160944,-86.5024,"39.160944,-86.5024",7
902544361,2015-10-06,Weekday,0,1-Car,No injury/unknown,RAN OFF ROAD RIGHT,MT CARMEL & STINESVILLE,39.29611928,-86.65930657,"39.29611928,-86.65930657",0
902544439,2015-10-04,Weekday,900,2-Car,No injury/unknown,UNSAFE BACKING,E 2ND,39.16144,-86.5324,"39.16144,-86.5324",43
902544455,2015-10-01,Weekend,1400,2-Car,No injury/unknown,DRIVER DISTRACTED - EXPLAIN IN NARRATIVE,SAMPLE & SR37N,39.26890488,-86.52287361,"39.26890488,-86.52287361",0
902544456,2015-10-02,Weekday,1300,2-Car,No injury/unknown,UNSAFE LANE MOVEMENT,N CURRY & W VERNAL,39.2003166,-86.58308029,"39.2003166,-86.58308029",0
902544647,2015-10-06,Weekday,1200,2-Car,No injury/unknown,IMPROPER LANE USAGE,S WALNUT,39.16464,-86.5336,"39.16464,-86.5336",42
902544807,2015-10-06,Weekday,1500,Bus,No injury/unknown,FAILURE TO YIELD RIGHT OF WAY,SOUTH WALNUT & WINSLOW,39.13597025,-86.5311098,"39.13597025,-86.5311098",1
902544812,2015-10-06,Weekday,1400,2-Car,No injury/unknown,FAILURE TO YIELD RIGHT OF WAY,8TH & GRANT,39.169552,-86.529696,"39.169552,-86.529696",42
902544813,2015-10-05,Weekday,1600,3+ Cars,No injury/unknown,FOLLOWING TOO CLOSELY,3RD & WYNNEDALE,39.16455992,-86.57019026,"39.16455992,-86.57019026",5
902544850,2015-10-06,Weekday,1500,Pedestrian,Incapacitating,RAN OFF ROAD RIGHT,2951 N BANKERS & E RUSGAN,39.200752,-86.532592,"39.200752,-86.532592",1
902544872,2015-10-06,Weekday,1500,2-Car,No injury/unknown,FAILURE TO YIELD RIGHT OF WAY,GOURLEY & KINSER,39.185392,-86.537856,"39.185392,-86.537856",3
902544876,2015-10-06,Weekend,1900,2-Car,No injury/unknown,FAILURE TO YIELD RIGHT OF WAY,3RD & PETE ELLIS,39.16424,-86.495088,"39.16424,-86.495088",6
902544908,2015-10-06,Weekend,2000,2-Car,No injury/unknown,FAILURE TO YIELD RIGHT OF WAY,EAST 2ND & HIGH,39.1609899,-86.50846995,"39.1609899,-86.50846995",7
902544932,2015-10-06,Weekend,2100,2-Car,No injury/unknown,FAILURE TO YIELD RIGHT OF WAY,EAST 10TH & NORTH WALNUT,39.171744,-86.53352,"39.171744,-86.53352",39
902545007,2015-10-04,Weekday,1000,2-Car,No injury/unknown,IMPROPER TURNING,SR446S & WALDRIP CREEK,39.33315386,-86.42356109,"39.33315386,-86.42356109",0
902545021,2015-10-06,Weekday,800,2-Car,Incapacitating,FAILURE TO YIELD RIGHT OF WAY,KINSER & SR4546W,39.186544,-86.537888,"39.186544,-86.537888",3
902545031,2015-10-05,Weekday,1000,2-Car,No injury/unknown,FOLLOWING TOO CLOSELY,SR37N & TAPP,39.13704,-86.572896,"39.13704,-86.572896",1
902545032,2015-10-05,Weekday,1200,2-Car,No injury/unknown,UNSAFE BACKING,ROLLING RIDGE,39.133744,-86.50592,"39.133744,-86.50592",0
902545074,2015-10-07,Weekend,900,2-Car,Incapacitating,FAILURE TO YIELD RIGHT OF WAY,7TH & SR45E,39.167648,-86.500096,"39.167648,-86.500096",6
902545106,2015-10-06,Weekday,1300,2-Car,Non-incapacitating,FOLLOWING TOO CLOSELY,EAST 10TH & NORTH PETE ELLIS,39.171504,-86.495312,"39.171504,-86.495312",5
902545146,2015-10-06,Weekday,1600,2-Car,No injury/unknown,IMPROPER TURNING,HICKORY & SR48W,39.164832,-86.585856,"39.164832,-86.585856",4
902545167,2015-10-07,Weekend,1400,2-Car,No injury/unknown,UNSAFE LANE MOVEMENT,3RD & COLLEGE MALL,39.16424,-86.4984,"39.16424,-86.4984",6
902545174,2015-10-07,Weekend,1400,2-Car,No injury/unknown,SPEED TOO FAST FOR WEATHER CONDITIONS,OLD SR 37 & RHORER,39.121552,-86.531296,"39.121552,-86.531296",0
902545257,2015-10-07,Weekend,1600,1-Car,Incapacitating,SPEED TOO FAST FOR WEATHER CONDITIONS,DUNN & SR37N,39.17863846,-86.52834115,"39.17863846,-86.52834115",39
902545279,2015-10-07,Weekend,1700,1-Car,No injury/unknown,IMPROPER TURNING,7TH & HIGHWAY 45 46,39.167648,-86.500096,"39.167648,-86.500096",6
902545280,2015-10-07,Weekend,1600,2-Car,No injury/unknown,SPEED TOO FAST FOR WEATHER CONDITIONS,DUNN & OLD STATE ROAD 37 N,39.20801975,-86.52873294,"39.20801975,-86.52873294",0
902545306,2015-10-07,Weekend,1600,2-Car,No injury/unknown,LEFT OF CENTER,E SCHACHT & S FAIRFAX,39.10704,-86.523488,"39.10704,-86.523488",0
902545307,2015-10-07,Weekend,1700,2-Car,No injury/unknown,SPEED TOO FAST FOR WEATHER CONDITIONS,N HARTSTRAIT & W VERNAL,39.186752,-86.611504,"39.186752,-86.611504",0
902545308,2015-10-07,Weekend,1800,1-Car,No injury/unknown,RAN OFF ROAD RIGHT,E MARTIN & E STATE ROAD 45,39.20474008,-86.46328441,"39.20474008,-86.46328441",0
902545309,2015-10-07,Weekend,2000,1-Car,No injury/unknown,ANIMAL/OBJECT IN ROADWAY,E STATE ROAD 45 & N PATHWAYS,39.24077593,-86.38299354,"39.24077593,-86.38299354",1