Master Record Number,Date,Weekend?,Hour,Collision Type,Injury Type,Primary Factor,Reported_Location,Latitude,Longitude,Location,Number of Bars
902575141,2015-12-03,Weekday,1400,2-Car,No injury/unknown,UNSAFE BACKING,WALNUT,39.17839758,-86.53339992,"39.17839758,-86.53339992",39
902575189,2015-12-03,Weekday,1300,2-Car,No injury/unknown,FAILURE TO YIELD RIGHT OF WAY,SR45W & W INDUSTRIAL,39.143552,-86.580528,"39.143552,-86.580528",1
902575193,2015-11-06,Weekday,1700,2-Car,No injury/unknown,UNSAFE BACKING,E AMY,39.16936,-86.497952,"39.16936,-86.497952",4
902575221,2015-12-03,Weekday,1700,2-Car,No injury/unknown,FOLLOWING TOO CLOSELY,ACADIA & WINSLOW,39.13599975,-86.51902981,"39.13599975,-86.51902981",1
902575263,2015-12-03,Weekday,1500,2-Car,No injury/unknown,UNSAFE BACKING,E 10TH,39.17149069,-86.5110763,"39.17149069,-86.5110763",8
902575295,2015-12-03,Weekday,2000,1-Car,No injury/unknown,RAN OFF ROAD RIGHT,NORTH DUNN,39.18532944,-86.52932739,"39.18532944,-86.52932739",3
902575322,2015-12-03,Weekday,1300,2-Car,No injury/unknown,FAILURE TO YIELD RIGHT OF WAY,E 12TH & N LINCOLN,39.174416,-86.530992,"39.174416,-86.530992",40
902575563,2015-12-04,Weekday,700,2-Car,No injury/unknown,FAILURE TO YIELD RIGHT OF WAY,S OAKDALE,39.14528221,-86.5683382,"39.14528221,-86.5683382",1
902575565,2015-11-02,Weekday,900,2-Car,No injury/unknown,FAILURE TO YIELD RIGHT OF WAY,LIBERTY & STATE RD 45,39.16087376,-86.57777018,"39.16087376,-86.57777018",4
902575580,2015-11-07,Weekend,1400,1-Car,No injury/unknown,ANIMAL/OBJECT IN ROADWAY,ANDERSON & LOW GAP,39.28448981,-86.40945866,"39.28448981,-86.40945866",0
902575737,2015-12-04,Weekday,1000,2-Car,No injury/unknown,UNSAFE BACKING,7TH & ROSE,39.16815005,-86.51067455,"39.16815005,-86.51067455",8
902575791,2015-12-04,Weekday,1200,2-Car,No injury/unknown,FOLLOWING TOO CLOSELY,3RD & WESTPLEX,39.16440971,-86.5538739,"39.16440971,-86.5538739",10
902575971,2015-12-04,Weekday,1400,2-Car,No injury/unknown,FAILURE TO YIELD RIGHT OF WAY,S OAKDALE & S PECAN,39.14676011,-86.57113976,"39.14676011,-86.57113976",1
902575983,2015-12-04,Weekday,1000,2-Car,No injury/unknown,SPEED TOO FAST FOR WEATHER CONDITIONS,SR37 & VICTOR,39.10459137,-86.55400848,"39.10459137,-86.55400848",0
902576057,2015-12-04,Weekday,1700,2-Car,Incapacitating,FOLLOWING TOO CLOSELY,COLLEGE & KIRKWOOD,39.16664,-86.5348,"39.16664,-86.5348",42
902576085,2015-12-04,Weekday,1400,2-Car,No injury/unknown,UNSAFE BACKING,WHITEHALL CROSSING,39.17259598,-86.57152557,"39.17259598,-86.57152557",5
902576116,2015-12-03,Weekday,1700,2-Car,No injury/unknown,UNSAFE BACKING,2ND,39.16138485,-86.52702279,"39.16138485,-86.52702279",43
902576140,2015-12-04,Weekday,1700,3+ Cars,No injury/unknown,FOLLOWING TOO CLOSELY,3RD & JEFFERSON,39.164304,-86.506992,"39.164304,-86.506992",6
902576146,2015-12-04,Weekday,1900,2-Car,No injury/unknown,IMPROPER TURNING,GORDON & S OLD SR 37,39.121552,-86.531296,"39.121552,-86.531296",0
902576152,2015-12-04,Weekday,1800,2-Car,Non-incapacitating,FOLLOWING TOO CLOSELY,BLOOMFIELD,39.148144,-86.572992,"39.148144,-86.572992",1
902576311,2015-12-04,Weekday,1200,2-Car,No injury/unknown,IMPROPER LANE USAGE,ATWATER & SWAIN,39.16308001,-86.51527002,"39.16308001,-86.51527002",13
902576353,2015-11-02,Weekday,1400,2-Car,No injury/unknown,FOLLOWING TOO CLOSELY,LAKEVIEW & SR46W,39.22127625,-86.60581122,"39.22127625,-86.60581122",0
902576473,2015-11-03,Weekday,1200,2-Car,No injury/unknown,BRAKE FAILURE OR DEFECTIVE,MATTHEWS & SR46W,39.234768,-86.626384,"39.234768,-86.626384",1
902576489,2015-12-05,Weekday,1100,2-Car,No injury/unknown,IMPROPER PASSING,CONSTABLE & SR46W,39.23722839,-86.62761688,"39.23722839,-86.62761688",1
902576539,2015-12-05,Weekday,1200,2-Car,No injury/unknown,FAILURE TO YIELD RIGHT OF WAY,LINCOLN & WYLIE,39.15834993,-86.53129018,"39.15834993,-86.53129018",41
902576553,2015-12-04,Weekday,1300,3+ Cars,Non-incapacitating,SPEED TOO FAST FOR WEATHER CONDITIONS,17TH & WALNUT GROVE,39.17896,-86.521088,"39.17896,-86.521088",33
902576697,2015-11-07,Weekend,1700,1-Car,No injury/unknown,ANIMAL/OBJECT IN ROADWAY,E BAYLES & N STATE ROAD 37 BUSINESS,39.2684189,-86.53700724,"39.2684189,-86.53700724",0
902576698,2015-11-01,Weekday,1900,1-Car,Non-incapacitating,ANIMAL/OBJECT IN ROADWAY,CHAPEL HILL & SR446S,39.023472,-86.405296,"39.023472,-86.405296",0
902576699,2015-12-04,Weekday,600,2-Car,No injury/unknown,UNSAFE BACKING,S OLD STATE ROAD 37,39.137088,-86.53056,"39.137088,-86.53056",1
902576880,2015-12-05,Weekday,600,Pedestrian,Incapacitating,FAILURE TO YIELD RIGHT OF WAY,E 3RD,39.16423861,-86.49522852,"39.16423861,-86.49522852",6
902576884,2015-12-05,Weekday,1200,2-Car,No injury/unknown,OTHER (DRIVER) - EXPLAIN IN NARRATIVE,E 2ND & S HAWTHORNE,39.161264,-86.520128,"39.161264,-86.520128",40
902576962,2015-12-05,Weekday,1500,2-Car,No injury/unknown,IMPROPER TURNING,N MORTON & W 7TH,39.168672,-86.536,"39.168672,-86.536",42
902576994,2015-12-05,Weekday,2300,2-Car,No injury/unknown,UNSAFE BACKING,E 3RD,39.16464,-86.53081241,"39.16464,-86.53081241",43
902577034,2015-12-05,Weekday,0,1-Car,No injury/unknown,ANIMAL/OBJECT IN ROADWAY,ALLENDALE & WINSLOW,39.136096,-86.516,"39.136096,-86.516",2
902577070,2015-12-06,Weekday,300,1-Car,No injury/unknown,UNSAFE BACKING,TAPP,39.13704,-86.572896,"39.13704,-86.572896",1
902577242,2015-12-06,Weekday,600,1-Car,No injury/unknown,LEFT OF CENTER,ALLEN & HENDERSON,39.15554971,-86.52703016,"39.15554971,-86.52703016",39
902577289,2015-12-06,Weekday,800,2-Car,No injury/unknown,FAILURE TO YIELD RIGHT OF WAY,SR37S & W SR 45,39.1464386,-86.57504272,"39.1464386,-86.57504272",1
902577296,2015-12-06,Weekday,1100,2-Car,No injury/unknown,DRIVER DISTRACTED - EXPLAIN IN NARRATIVE,7TH & WASHINGTON,39.16864,-86.5324,"39.16864,-86.5324",42
902577436,2015-12-06,Weekday,1600,2-Car,No injury/unknown,FOLLOWING TOO CLOSELY,2ND & WALNUT,39.16144,-86.5336,"39.16144,-86.5336",42
902577445,2015-12-06,Weekday,1400,2-Car,No injury/unknown,,W LAVA,39.18060637,-86.53985502,"39.18060637,-86.53985502",19
902577532,2015-12-06,Weekday,1500,2-Car,No injury/unknown,UNSAFE BACKING,S COLLEGE,39.16115717,-86.53485253,"39.16115717,-86.53485253",42
902577559,2015-12-06,Weekend,2100,1-Car,No injury/unknown,DRIVER DISTRACTED - EXPLAIN IN NARRATIVE,S COLLEGE,39.16123798,-86.53485123,"39.16123798,-86.53485123",42
902577656,2015-12-07,Weekend,100,1-Car,Incapacitating,RAN OFF ROAD RIGHT,HANDY & MOFFETT,39.09974031,-86.4938499,"39.09974031,-86.4938499",0
902577671,2015-12-07,Weekend,0,2-Car,No injury/unknown,DISREGARD SIGNAL/REG SIGN,3RD & WALNUT,39.16464,-86.5336,"39.16464,-86.5336",42
902577681,2015-12-07,Weekend,300,1-Car,No injury/unknown,UNSAFE SPEED,E 10TH,39.171648,-86.50435515,"39.171648,-86.50435515",5
902577724,2015-12-07,Weekend,800,2-Car,No injury/unknown,IMPROPER TURNING,2ND & HENDERSON,39.16133992,-86.52719981,"39.16133992,-86.52719981",43
902577747,2015-12-06,Weekday,1000,2-Car,Non-incapacitating,FAILURE TO YIELD RIGHT OF WAY,E 9TH & N WASHINGTON,39.170544,-86.5324,"39.170544,-86.5324",40
902577750,2015-12-07,Weekend,1000,2-Car,No injury/unknown,FOLLOWING TOO CLOSELY,2ND & HENDERSON,39.16133992,-86.52720847,"39.16133992,-86.52720847",43
902577758,2015-12-07,Weekend,1100,2-Car,No injury/unknown,OTHER (DRIVER) - EXPLAIN IN NARRATIVE,E 3RD,39.16422436,-86.49666727,"39.16422436,-86.49666727",6
902577763,2015-12-05,Weekday,700,2-Car,No injury/unknown,FAILURE TO YIELD RIGHT OF WAY,RATLIFF & THOMAS,39.21519851,-86.63041195,"39.21519851,-86.63041195",0
902577812,2015-12-06,Weekend,2000,Bus,No injury/unknown,OTHER (VEHICLE) - EXPLAIN IN NARRATIVE,HIGH & HILLSIDE,39.14972006,-86.50827933,"39.14972006,-86.50827933",4
902577833,2015-12-06,Weekday,1800,2-Car,No injury/unknown,DISREGARD SIGNAL/REG SIGN,CORY & WEST 3RD,39.164544,-86.560096,"39.164544,-86.560096",4
902577879,2015-12-04,Weekday,1800,1-Car,Incapacitating,RAN OFF ROAD RIGHT,KINGS & SR46E,39.16578549,-86.45361103,"39.16578549,-86.45361103",0
902577880,2015-12-05,Weekday,2000,2-Car,Non-incapacitating,FOLLOWING TOO CLOSELY,S BUNGER & SR45W,39.12936,-86.604336,"39.12936,-86.604336",0
902577881,2015-12-06,Weekday,1600,2-Car,No injury/unknown,IMPROPER TURNING,S LEONARD SPRINGS,39.142048,-86.582592,"39.142048,-86.582592",1
902577887,2015-12-06,Weekday,1700,2-Car,No injury/unknown,UNSAFE LANE MOVEMENT,LOGAN & VERNAL,39.179248,-86.5744,"39.179248,-86.5744",4
902577905,2015-12-06,Weekday,1500,2-Car,Non-incapacitating,FAILURE TO YIELD RIGHT OF WAY,ACUFF,39.20824,-86.554704,"39.20824,-86.554704",0
902577950,2015-12-07,Weekend,1900,2-Car,Incapacitating,FOLLOWING TOO CLOSELY,S HILLSDALE & W 3RD,39.164272,-86.502416,"39.164272,-86.502416",6
902577974,2015-12-07,Weekend,1900,1-Car,Incapacitating,UNSAFE SPEED,FISH & LYDY,39.284592,-86.479968,"39.284592,-86.479968",0
902578041,2015-12-07,Weekend,2200,2-Car,Non-incapacitating,IMPROPER LANE USAGE,3RD & SWAIN,39.16425012,-86.51525996,"39.16425012,-86.51525996",12
902578101,2015-12-07,Weekend,2300,2-Car,Incapacitating,FAILURE TO YIELD RIGHT OF WAY,SOUTH ROGERS & WEST 2ND,39.16140027,-86.53867028,"39.16140027,-86.53867028",43
902578120,2015-12-01,Weekend,200,2-Car,No injury/unknown,UNSAFE BACKING,3RD & COLLEGE,39.16484598,-86.53481278,"39.16484598,-86.53481278",42
902578123,2015-12-01,Weekend,200,Pedestrian,Non-incapacitating,PEDESTRIAN ACTION,ATWATER & HENDERSON,39.163344,-86.5272,"39.163344,-86.5272",43
902578125,2015-12-07,Weekend,2200,1-Car,Incapacitating,RAN OFF ROAD RIGHT,MESA & STIPP,39.10200236,-86.48143176,"39.10200236,-86.48143176",0
902578245,2015-12-01,Weekend,1200,2-Car,No injury/unknown,,NORTH GATES,39.16825801,-86.5763399,"39.16825801,-86.5763399",5
902578248,2015-12-07,Weekend,1200,2-Car,No injury/unknown,FOLLOWING TOO CLOSELY,8TH & COLLEGE,39.16968932,-86.53478179,"39.16968932,-86.53478179",41
902578255,2015-12-01,Weekend,1200,Bus,No injury/unknown,FAILURE TO YIELD RIGHT OF WAY,SALE & SR46W,39.23384,-86.624704,"39.23384,-86.624704",1
902578274,2015-12-01,Weekend,1300,2-Car,No injury/unknown,UNSAFE LANE MOVEMENT,E 3RD & SO KINGSTON,39.16424,-86.492944,"39.16424,-86.492944",6
902578297,2015-12-01,Weekend,1300,2-Car,No injury/unknown,OTHER (VEHICLE) - EXPLAIN IN NARRATIVE,W 6TH,39.16765061,-86.53498253,"39.16765061,-86.53498253",41
902578342,2015-12-01,Weekend,1600,2-Car,No injury/unknown,FAILURE TO YIELD RIGHT OF WAY,3RD & PETE ELLIS,39.16424,-86.495088,"39.16424,-86.495088",6
902578424,2015-12-07,Weekend,2100,3+ Cars,No injury/unknown,FOLLOWING TOO CLOSELY,E 10TH & SUNRISE,39.17157993,-86.51252311,"39.17157993,-86.51252311",14
902578446,2015-12-01,Weekday,1900,3+ Cars,Non-incapacitating,UNSAFE SPEED,KINSER & SR45W,39.186544,-86.537888,"39.186544,-86.537888",3
902578478,2015-12-07,Weekend,2100,1-Car,No injury/unknown,DRIVER ASLEEP OR FATIGUED,3315 E LONGVIEW & KINGSTON,39.166848,-86.4928,"39.166848,-86.4928",6
902578479,2015-12-01,Weekday,1900,3+ Cars,No injury/unknown,FOLLOWING TOO CLOSELY,NORTH KINSER & WEST WINDING,39.198144,-86.542096,"39.198144,-86.542096",1
902578773,2015-12-02,Weekday,900,2-Car,No injury/unknown,UNSAFE BACKING,E LONGVIEW,39.16698971,-86.4924,"39.16698971,-86.4924",6
902578780,2015-12-02,Weekday,900,2-Car,No injury/unknown,OTHER (DRIVER) - EXPLAIN IN NARRATIVE,S MULLER & W 3RD,39.16450024,-86.56270019,"39.16450024,-86.56270019",4
902578957,2015-12-02,Weekday,1100,2-Car,No injury/unknown,DRIVER ASLEEP OR FATIGUED,E BLUE RIDGE & N WALNUT,39.196848,-86.5344,"39.196848,-86.5344",1
902579031,2015-12-02,Weekday,1200,2-Car,No injury/unknown,UNSAFE BACKING,EVANS,39.07944,-86.647792,"39.07944,-86.647792",0
902579173,2015-12-02,Weekday,1400,2-Car,No injury/unknown,FAILURE TO YIELD RIGHT OF WAY,S ACADIA,39.13459495,-86.51912704,"39.13459495,-86.51912704",1
902579278,2015-12-02,Weekday,1500,3+ Cars,No injury/unknown,FOLLOWING TOO CLOSELY,ROCKPORT & TAPP,39.13634978,-86.54875002,"39.13634978,-86.54875002",0
902579418,2015-12-02,Weekday,1400,2-Car,No injury/unknown,UNSAFE BACKING,SEVENTH & UNION,39.22383205,-86.50945968,"39.22383205,-86.50945968",0
902579422,2015-12-02,Weekday,2000,2-Car,No injury/unknown,FOLLOWING TOO CLOSELY,S MILL STONE & S SARE,39.12447967,-86.50730989,"39.12447967,-86.50730989",0
902579634,2015-12-02,Weekday,500,1-Car,No injury/unknown,ANIMAL/OBJECT IN ROADWAY,N KINSER & SR37N,39.22680545,-86.54614064,"39.22680545,-86.54614064",0
902579815,2015-12-06,Weekday,1600,2-Car,No injury/unknown,ENGINE FAILURE OR DEFECTIVE,W SIERRA,39.15266671,-86.58359594,"39.15266671,-86.58359594",2
902580156,2015-12-03,Weekday,700,2-Car,No injury/unknown,UNSAFE BACKING,W KIRKWOOD,39.16632462,-86.53919219,"39.16632462,-86.53919219",43
902580638,2015-12-03,Weekday,1200,2-Car,No injury/unknown,DRIVER DISTRACTED - EXPLAIN IN NARRATIVE,EAST 17TH,39.17932129,-86.51348114,"39.17932129,-86.51348114",9
902580694,2015-12-03,Weekday,1200,2-Car,Non-incapacitating,DISREGARD SIGNAL/REG SIGN,3RD & WASHINGTON,39.16464,-86.5324,"39.16464,-86.5324",43
902580753,2015-12-01,Weekend,1500,2-Car,No injury/unknown,UNSAFE BACKING,1309 E 10TH (DOCK) & FEE,39.17160395,-86.51902238,"39.17160395,-86.51902238",36
902581022,2015-12-02,Weekday,1600,2-Car,No injury/unknown,TIRE FAILURE OR DEFECTIVE,N SMITH & W NELSON,39.199072,-86.583152,"39.199072,-86.583152",0
902581023,2015-12-03,Weekday,1600,2-Car,No injury/unknown,FOLLOWING TOO CLOSELY,S LEONARD SPRINGS & W STAPLETON,39.138336,-86.582528,"39.138336,-86.582528",1
902581043,2015-12-05,Weekday,1900,1-Car,No injury/unknown,RAN OFF ROAD RIGHT,DAPHNE & SR45W,39.12828827,-86.60414123,"39.12828827,-86.60414123",0
902581045,2015-12-06,Weekend,1900,1-Car,No injury/unknown,RAN OFF ROAD RIGHT,KETCHAM & POPCORN,39.01174977,-86.56183899,"39.01174977,-86.56183899",0
902581174,2015-12-05,Weekday,1400,2-Car,No injury/unknown,UNSAFE BACKING,S OLD STATE ROAD 37,39.137088,-86.53056,"39.137088,-86.53056",1
902581654,2015-12-03,Weekday,1200,2-Car,No injury/unknown,FOLLOWING TOO CLOSELY,GATES & SR48W,39.16458572,-86.57620079,"39.16458572,-86.57620079",5
902581794,2015-12-04,Weekday,600,2-Car,No injury/unknown,FAILURE TO YIELD RIGHT OF WAY,E 3RD & SO PETE ELLIS,39.16424,-86.495088,"39.16424,-86.495088",6
902582004,2015-12-04,Weekday,900,Cyclist,Non-incapacitating,FAILURE TO YIELD RIGHT OF WAY,10TH & WALNUT,39.17160188,-86.52107241,"39.17160188,-86.52107241",39
902582097,2015-12-02,Weekday,200,2-Car,No injury/unknown,UNSAFE BACKING,N UNION VALLEY & W MCNEELY,39.20571753,-86.59277983,"39.20571753,-86.59277983",0
902582109,2015-12-02,Weekday,1200,2-Car,No injury/unknown,FOLLOWING TOO CLOSELY,FULLERTON & ROCKPORT,39.1211263,-86.56374739,"39.1211263,-86.56374739",0
902582455,2015-12-04,Weekday,1300,2-Car,Non-incapacitating,DRIVER DISTRACTED - EXPLAIN IN NARRATIVE,SR37S & SR45W,39.148144,-86.572992,"39.148144,-86.572992",1
902582534,2015-12-04,Weekday,1400,2-Car,Incapacitating,UNSAFE BACKING,S WALNUT STREET,39.129673,-86.532737,"39.129673,-86.532737",1
902582761,2015-12-04,Weekday,1600,1-Car,No injury/unknown,UNSAFE LANE MOVEMENT,15TH & COLLEGE,39.17688,-86.534736,"39.17688,-86.534736",39
902582770,2015-12-04,Weekday,1800,2-Car,No injury/unknown,FAILURE TO YIELD RIGHT OF WAY,4TH & DUNN,39.165648,-86.52849682,"39.165648,-86.52849682",43
902582972,2015-12-04,Weekday,2200,2-Car,No injury/unknown,FAILURE TO YIELD RIGHT OF WAY,2ND & HIGH,39.160944,-86.508288,"39.160944,-86.508288",7
902583184,2015-12-05,Weekday,900,2-Car,No injury/unknown,FAILURE TO YIELD RIGHT OF WAY,GRIMES & WALNUT,39.15335029,-86.5336929,"39.15335029,-86.5336929",24
902583197,2015-12-05,Weekday,900,2-Car,No injury/unknown,DRIVER DISTRACTED - EXPLAIN IN NARRATIVE,COLLEGE MALL & MOORES,39.150448,-86.498,"39.150448,-86.498",4
902583256,2015-12-05,Weekday,1000,Cyclist,Non-incapacitating,FAILURE TO YIELD RIGHT OF WAY,E 17TH,39.179008,-86.525888,"39.179008,-86.525888",34
902583257,2015-12-05,Weekday,1000,2-Car,No injury/unknown,TIRE FAILURE OR DEFECTIVE,SR37N & W VERNAL,39.17289708,-86.56755899,"39.17289708,-86.56755899",5
902583287,2015-12-05,Weekday,1000,2-Car,Non-incapacitating,FAILURE TO YIELD RIGHT OF WAY,4000 W 3RD & CURRY,39.165023,-86.58345402,"39.165023,-86.58345402",5
902583304,2015-12-05,Weekday,1100,3+ Cars,No injury/unknown,FOLLOWING TOO CLOSELY,10TH & FESS,39.171664,-86.52576,"39.171664,-86.52576",40
902583315,2015-12-04,Weekday,700,2-Car,No injury/unknown,FAILURE TO YIELD RIGHT OF WAY,10TH & SMITH,39.17258852,-86.482127,"39.17258852,-86.482127",4
902583320,2015-12-05,Weekday,1100,3+ Cars,Non-incapacitating,FOLLOWING TOO CLOSELY,JORDAN & THIRD,39.16426018,-86.5163999,"39.16426018,-86.5163999",19
902583380,2015-12-05,Weekday,500,1-Car,No injury/unknown,ANIMAL/OBJECT IN ROADWAY,HEDRICK & WEST STATE ROAD 46,39.27761903,-86.67737978,"39.27761903,-86.67737978",0
902583386,2015-12-04,Weekday,1700,3+ Cars,No injury/unknown,FOLLOWING TOO CLOSELY,SR37N & W VERNAL,39.17469734,-86.56501204,"39.17469734,-86.56501204",4
902583522,2015-12-05,Weekday,1500,2-Car,No injury/unknown,FOLLOWING TOO CLOSELY,S ROGERS & W KIRKWOOD,39.166672,-86.538608,"39.166672,-86.538608",43
902583572,2015-12-05,Weekday,1600,2-Car,No injury/unknown,UNSAFE BACKING,N FEE,39.17612549,-86.51898236,"39.17612549,-86.51898236",36
902583603,2015-12-05,Weekday,1500,2-Car,No injury/unknown,UNSAFE BACKING,S HENDERSON,39.13782881,-86.52677815,"39.13782881,-86.52677815",1
902583611,2015-11-06,Weekday,700,2-Car,No injury/unknown,OTHER (VEHICLE) - EXPLAIN IN NARRATIVE,W 8TH,39.16971233,-86.55411037,"39.16971233,-86.55411037",7
902583681,2015-12-03,Weekday,1600,2-Car,No injury/unknown,UNSAFE BACKING,W CLEAR CREEK,39.111152,-86.5348,"39.111152,-86.5348",0
902583683,2015-12-02,Weekday,2100,1-Car,No injury/unknown,OTHER (DRIVER) - EXPLAIN IN NARRATIVE,MCNEELY & N UNION VALLEY,39.15804397,-86.59277983,"39.15804397,-86.59277983",2
902584040,2015-12-05,Weekday,2200,1-Car,No injury/unknown,RAN OFF ROAD RIGHT,OLD RICHARDSON & SR446S,39.21477524,-86.42645263,"39.21477524,-86.42645263",0
902584550,2015-12-05,Weekday,1000,2-Car,No injury/unknown,OTHER (DRIVER) - EXPLAIN IN NARRATIVE,13TH & INDIANA,39.17558638,-86.52710592,"39.17558638,-86.52710592",40
902584760,2015-12-06,Weekday,1200,2-Car,No injury/unknown,DISREGARD SIGNAL/REG SIGN,KINSER & SR4546W,39.186544,-86.537888,"39.186544,-86.537888",3
902584850,2015-12-06,Weekday,1100,2-Car,No injury/unknown,FAILURE TO YIELD RIGHT OF WAY,E KIRKWOOD & S GRANT,39.16664,-86.529696,"39.16664,-86.529696",43
902584920,2015-12-06,Weekday,1100,1-Car,No injury/unknown,UNSAFE BACKING,N JORDAN,39.16833115,-86.51569366,"39.16833115,-86.51569366",14
902585057,2015-12-06,Weekday,1100,2-Car,No injury/unknown,UNSAFE BACKING,3RD & BALLANTINE,39.14841068,-86.51913105,"39.14841068,-86.51913105",1
902585514,2015-12-06,Weekday,1800,2-Car,No injury/unknown,FOLLOWING TOO CLOSELY,3RD & GRANT,39.16464,-86.52944575,"39.16464,-86.52944575",43
902585538,2015-12-06,Weekday,1600,2-Car,No injury/unknown,OTHER (VEHICLE) - EXPLAIN IN NARRATIVE,S WALNUT,39.18946841,-86.53337633,"39.18946841,-86.53337633",1
902585634,2015-12-06,Weekday,1700,2-Car,No injury/unknown,BRAKE FAILURE OR DEFECTIVE,BRYANTS CREEK & SR37N,39.32055629,-86.51213116,"39.32055629,-86.51213116",0
902585656,2015-12-06,Weekday,1800,Bus,No injury/unknown,UNSAFE BACKING,N FEE,39.18217024,-86.51912929,"39.18217024,-86.51912929",4
902585675,2015-12-06,Weekday,1400,1-Car,No injury/unknown,DRIVER ILLNESS,OARD & SR48,39.16480484,-86.62016747,"39.16480484,-86.62016747",0
902585717,2015-12-06,Weekday,1200,2-Car,No injury/unknown,UNSAFE BACKING,N GATES,39.16987228,-86.57498168,"39.16987228,-86.57498168",5
902585735,2015-12-06,Weekend,2200,2-Car,No injury/unknown,UNSAFE BACKING,EAST 7TH,39.16843504,-86.52339041,"39.16843504,-86.52339041",42
902585960,2015-12-07,Weekend,100,1-Car,No injury/unknown,SPEED TOO FAST FOR WEATHER CONDITIONS,3RD & GATES,39.16459009,-86.57619975,"39.16459009,-86.57619975",5
902585982,2015-12-06,Weekend,2300,1-Car,No injury/unknown,ANIMAL/OBJECT IN ROADWAY,SR46W & STINESVILLE,39.26716926,-86.66605959,"39.26716926,-86.66605959",0
902586019,2015-12-07,Weekend,100,Pedestrian,Incapacitating,PEDESTRIAN ACTION,E 3RD & S WOODLAWN,39.164352,-86.522592,"39.164352,-86.522592",42
902586115,2015-12-06,Weekend,2000,1-Car,No injury/unknown,RAN OFF ROAD RIGHT,CLARIZZ & COVENANTER,39.15246986,-86.49050264,"39.15246986,-86.49050264",6
902586119,2015-12-07,Weekend,1200,2-Car,No injury/unknown,SPEED TOO FAST FOR WEATHER CONDITIONS,E ROGERS & THE STANDS,39.1364,-86.504896,"39.1364,-86.504896",1
902586126,2015-12-07,Weekend,1200,2-Car,No injury/unknown,FOLLOWING TOO CLOSELY,3RD & PETE ELLIS,39.16423826,-86.49526439,"39.16423826,-86.49526439",6
902586141,2015-12-06,Weekday,1300,2-Car,No injury/unknown,UNSAFE BACKING,N MADISON & W 17TH,39.17903982,-86.53775028,"39.17903982,-86.53775028",34
902586249,2015-12-07,Weekend,1800,1-Car,No injury/unknown,ANIMAL/OBJECT IN ROADWAY,SR37N & SR46W,39.19551723,-86.55460661,"39.19551723,-86.55460661",0
902586268,2015-12-07,Weekend,1600,2-Car,No injury/unknown,FOLLOWING TOO CLOSELY,EAST ATWATER & NORTH DUNN,39.164448,-86.528096,"39.164448,-86.528096",43
902586273,2015-12-06,Weekday,1800,1-Car,No injury/unknown,ANIMAL/OBJECT IN ROADWAY,GARRISON CHAPEL & SR48W,39.16377142,-86.64091963,"39.16377142,-86.64091963",0
902586276,2015-12-07,Weekend,1400,2-Car,No injury/unknown,FOLLOWING TOO CLOSELY,COLLEGE MALL & COVENANTER,39.155152,-86.497888,"39.155152,-86.497888",5
902586277,2015-12-07,Weekend,1600,2-Car,No injury/unknown,IMPROPER PASSING,3RD & COLLEGE MALL,39.16424,-86.4984,"39.16424,-86.4984",6
902586278,2015-12-07,Weekend,1500,2-Car,No injury/unknown,UNSAFE LANE MOVEMENT,NORTH COLLEGE & WEST 6TH,39.167648,-86.534784,"39.167648,-86.534784",41
902586301,2015-12-06,Weekday,1700,1-Car,No injury/unknown,UNSAFE SPEED,MONROE DAM & VALLEY MISSION,39.00721915,-86.51232665,"39.00721915,-86.51232665",0
902586305,2015-12-07,Weekend,2100,2-Car,No injury/unknown,DISREGARD SIGNAL/REG SIGN,3RD & COLLEGE,39.16464,-86.534816,"39.16464,-86.534816",42
902586325,2015-12-07,Weekend,300,2-Car,No injury/unknown,OTHER (DRIVER) - EXPLAIN IN NARRATIVE,S YOST,39.14554339,-86.58072088,"39.14554339,-86.58072088",1
902586435,2015-12-01,Weekend,200,1-Car,No injury/unknown,RAN OFF ROAD RIGHT,3RD & JORDAN,39.16426018,-86.5163999,"39.16426018,-86.5163999",19
902587037,2015-12-01,Weekend,1100,2-Car,No injury/unknown,FAILURE TO YIELD RIGHT OF WAY,E 5TH & S JEFFERSON,39.166848,-86.506992,"39.166848,-86.506992",6
902587076,2015-12-05,Weekday,800,2-Car,No injury/unknown,DISREGARD SIGNAL/REG SIGN,FAIRFAX & OLD STATE ROAD 37,39.10725988,-86.53149001,"39.10725988,-86.53149001",0
902587169,2015-12-07,Weekend,1400,2-Car,No injury/unknown,UNSAFE LANE MOVEMENT,3RD,39.16464,-86.56905455,"39.16464,-86.56905455",6
902587214,2015-12-07,Weekend,1700,1-Car,No injury/unknown,OVERCORRECTING/OVERSTEERING,HIGHLAND & HILLSIDE,39.15055007,-86.51695981,"39.15055007,-86.51695981",3
902587217,2015-12-01,Weekend,1500,2-Car,No injury/unknown,FAILURE TO YIELD RIGHT OF WAY,ALLEN & PATTERSON,39.15563017,-86.54330983,"39.15563017,-86.54330983",39